observation_date,DTWEXAFEGS
2017-01-03,115.3227
2017-01-04,114.5914
2017-01-05,113.4160
2017-01-06,113.8978
2017-01-09,113.8620
2017-01-10,113.8155
2017-01-11,114.2709
2017-01-12,112.8133
2017-01-13,113.1851
2017-01-16,#N/A
2017-01-17,112.1956
2017-01-18,112.6539
2017-01-19,113.5191
2017-01-20,#N/A
2017-01-23,112.4007
2017-01-24,112.0986
2017-01-25,111.8508
2017-01-26,112.4257
2017-01-27,112.4390
2017-01-30,112.3069
2017-01-31,111.3768
2017-02-01,111.7126
2017-02-02,111.2871
2017-02-03,111.3302
2017-02-06,111.9269
2017-02-07,112.1811
2017-02-08,111.9449
2017-02-09,112.3978
2017-02-10,112.2644
2017-02-13,112.5583
2017-02-14,112.8422
2017-02-15,112.6790
2017-02-16,112.1940
2017-02-17,112.5458
2017-02-20,#N/A
2017-02-21,112.9706
2017-02-22,113.0679
2017-02-23,112.5158
2017-02-24,112.5385
2017-02-27,112.3323
2017-02-28,112.7446
2017-03-01,113.5615
2017-03-02,114.0898
2017-03-03,114.0566
2017-03-06,113.7954
2017-03-07,113.8616
2017-03-08,114.3418
2017-03-09,114.2430
2017-03-10,113.8473
2017-03-13,113.6146
2017-03-14,113.8166
2017-03-15,113.7958
2017-03-16,112.5415
2017-03-17,112.6035
2017-03-20,112.5054
2017-03-21,111.9779
2017-03-22,111.9684
2017-03-23,111.9746
2017-03-24,112.0193
2017-03-27,111.4850
2017-03-28,111.6844
2017-03-29,112.3245
2017-03-30,112.1905
2017-03-31,112.3988
2017-04-03,112.7679
2017-04-04,112.8182
2017-04-05,112.8453
2017-04-06,112.8747
2017-04-07,113.0719
2017-04-10,113.0180
2017-04-11,112.7210
2017-04-12,112.6072
2017-04-13,112.3339
2017-04-14,112.3822
2017-04-17,112.0425
2017-04-18,111.9130
2017-04-19,112.2099
2017-04-20,111.9945
2017-04-21,112.3402
2017-04-24,111.8150
2017-04-25,111.7359
2017-04-26,112.0930
2017-04-27,112.2012
2017-04-28,112.0740
2017-05-01,112.0105
2017-05-02,112.2338
2017-05-03,112.1811
2017-05-04,112.1479
2017-05-05,111.8656
2017-05-08,112.2809
2017-05-09,112.7579
2017-05-10,112.5967
2017-05-11,112.7085
2017-05-12,112.4330
2017-05-15,112.0184
2017-05-16,111.4307
2017-05-17,110.8924
2017-05-18,110.7584
2017-05-19,110.4356
2017-05-22,110.1251
2017-05-23,110.3263
2017-05-24,110.4490
2017-05-25,110.1969
2017-05-26,110.5027
2017-05-29,#N/A
2017-05-30,110.3202
2017-05-31,110.1307
2017-06-01,110.3023
2017-06-02,109.9625
2017-06-05,109.9683
2017-06-06,109.6653
2017-06-07,109.9166
2017-06-08,110.0350
2017-06-09,110.2749
2017-06-12,110.2025
2017-06-13,109.7023
2017-06-14,109.0837
2017-06-15,110.0679
2017-06-16,109.7750
2017-06-19,109.9388
2017-06-20,110.3834
2017-06-21,110.4151
2017-06-22,110.1642
2017-06-23,109.9250
2017-06-26,109.8709
2017-06-27,109.3706
2017-06-28,108.6138
2017-06-29,108.2540
2017-06-30,108.2262
2017-07-03,108.6285
2017-07-04,#N/A
2017-07-05,108.7820
2017-07-06,108.3247
2017-07-07,108.4039
2017-07-10,108.4372
2017-07-11,108.4491
2017-07-12,107.9551
2017-07-13,107.9695
2017-07-14,107.2355
2017-07-17,107.2247
2017-07-18,106.6245
2017-07-19,106.6373
2017-07-20,106.2226
2017-07-21,106.0032
2017-07-24,105.9061
2017-07-25,105.8969
2017-07-26,106.0977
2017-07-27,106.0255
2017-07-28,105.3115
2017-07-31,105.0435
2017-08-01,105.2523
2017-08-02,105.0491
2017-08-03,105.0884
2017-08-04,105.9093
2017-08-07,105.9225
2017-08-08,106.1552
2017-08-09,106.0229
2017-08-10,105.9173
2017-08-11,105.6110
2017-08-14,105.8426
2017-08-15,106.3602
2017-08-16,106.4345
2017-08-17,105.9594
2017-08-18,105.7296
2017-08-21,105.3887
2017-08-22,105.6652
2017-08-23,105.5380
2017-08-24,105.4623
2017-08-25,104.9948
2017-08-28,104.5784
2017-08-29,104.3705
2017-08-30,105.1598
2017-08-31,105.0811
2017-09-01,104.7232
2017-09-04,#N/A
2017-09-05,104.3467
2017-09-06,103.7908
2017-09-07,103.2111
2017-09-08,102.9597
2017-09-11,103.4960
2017-09-12,103.5812
2017-09-13,104.0855
2017-09-14,104.0315
2017-09-15,103.5443
2017-09-18,103.9230
2017-09-19,103.8105
2017-09-20,103.6949
2017-09-21,104.1989
2017-09-22,104.0551
2017-09-25,104.5854
2017-09-26,105.0780
2017-09-27,105.3396
2017-09-28,105.3588
2017-09-29,105.3277
2017-10-02,105.7034
2017-10-03,105.6651
2017-10-04,105.6048
2017-10-05,106.1115
2017-10-06,106.0655
2017-10-09,#N/A
2017-10-10,105.4699
2017-10-11,105.3822
2017-10-12,105.3501
2017-10-13,105.2176
2017-10-16,105.3909
2017-10-17,105.8925
2017-10-18,105.6775
2017-10-19,105.3761
2017-10-20,106.1398
2017-10-23,106.2443
2017-10-24,106.3977
2017-10-25,106.4966
2017-10-26,107.0214
2017-10-27,107.6843
2017-10-30,107.2671
2017-10-31,107.3012
2017-11-01,107.4999
2017-11-02,107.2160
2017-11-03,107.4253
2017-11-06,107.2799
2017-11-07,107.4941
2017-11-08,107.2790
2017-11-09,106.9262
2017-11-10,#N/A
2017-11-13,107.0858
2017-11-14,106.6243
2017-11-15,106.5844
2017-11-16,106.4936
2017-11-17,106.3696
2017-11-20,106.6765
2017-11-21,106.5932
2017-11-22,106.1194
2017-11-23,#N/A
2017-11-24,105.4587
2017-11-27,105.5904
2017-11-28,105.9613
2017-11-29,106.0607
2017-11-30,106.0126
2017-12-01,105.4386
2017-12-04,105.8537
2017-12-05,105.9396
2017-12-06,106.3293
2017-12-07,106.4607
2017-12-08,106.8162
2017-12-11,106.5732
2017-12-12,107.0055
2017-12-13,106.7166
2017-12-14,106.4384
2017-12-15,106.5768
2017-12-18,106.3515
2017-12-19,106.5098
2017-12-20,106.1620
2017-12-21,105.9482
2017-12-22,106.1086
2017-12-25,#N/A
2017-12-26,105.8498
2017-12-27,105.5762
2017-12-28,105.1064
2017-12-29,104.5836
2018-01-01,#N/A
2018-01-02,104.3323
2018-01-03,104.5563
2018-01-04,104.4428
2018-01-05,104.2608
2018-01-08,104.5575
2018-01-09,104.8409
2018-01-10,104.6126
2018-01-11,104.3600
2018-01-12,103.8558
2018-01-15,#N/A
2018-01-16,103.0415
2018-01-17,103.0942
2018-01-18,102.9934
2018-01-19,103.0283
2018-01-22,103.0762
2018-01-23,102.7926
2018-01-24,101.7344
2018-01-25,101.1457
2018-01-26,101.3830
2018-01-29,101.8817
2018-01-30,101.6581
2018-01-31,101.4064
2018-02-01,101.1769
2018-02-02,101.8142
2018-02-05,102.1850
2018-02-06,102.3980
2018-02-07,102.9066
2018-02-08,103.0881
2018-02-09,103.1443
2018-02-12,103.0382
2018-02-13,102.4512
2018-02-14,102.1217
2018-02-15,101.5053
2018-02-16,101.6469
2018-02-19,#N/A
2018-02-20,102.4051
2018-02-21,102.7868
2018-02-22,102.7126
2018-02-23,102.6488
2018-02-26,102.8014
2018-02-27,103.2463
2018-02-28,103.4818
2018-03-01,103.6421
2018-03-02,#N/A
2018-03-05,103.3434
2018-03-06,102.8141
2018-03-07,103.1219
2018-03-08,103.3854
2018-03-09,103.1108
2018-03-12,103.1036
2018-03-13,102.9418
2018-03-14,103.0946
2018-03-15,103.4916
2018-03-16,103.8025
2018-03-19,103.4930
2018-03-20,103.7936
2018-03-21,#N/A
2018-03-22,103.0936
2018-03-23,102.6670
2018-03-26,102.3307
2018-03-27,102.5472
2018-03-28,103.0163
2018-03-29,103.3109
2018-03-30,103.1832
2018-04-02,103.3486
2018-04-03,103.2163
2018-04-04,103.1174
2018-04-05,103.4820
2018-04-06,103.1491
2018-04-09,102.7935
2018-04-10,102.5132
2018-04-11,102.2140
2018-04-12,102.4922
2018-04-13,102.5535
2018-04-16,102.2157
2018-04-17,102.2793
2018-04-18,102.4369
2018-04-19,102.6702
2018-04-20,103.2805
2018-04-23,103.9735
2018-04-24,103.9473
2018-04-25,104.3150
2018-04-26,104.5745
2018-04-27,104.6792
2018-04-30,104.7793
2018-05-01,105.3825
2018-05-02,105.4755
2018-05-03,105.4584
2018-05-04,105.5162
2018-05-07,105.5714
2018-05-08,106.1298
2018-05-09,105.9270
2018-05-10,105.6436
2018-05-11,105.3088
2018-05-14,105.1561
2018-05-15,106.0018
2018-05-16,106.1943
2018-05-17,106.1857
2018-05-18,106.4382
2018-05-21,106.4050
2018-05-22,106.1263
2018-05-23,106.7255
2018-05-24,106.4867
2018-05-25,106.9210
2018-05-28,#N/A
2018-05-29,107.4782
2018-05-30,106.6028
2018-05-31,106.8192
2018-06-01,106.7859
2018-06-04,106.6938
2018-06-05,106.9371
2018-06-06,106.2723
2018-06-07,106.3178
2018-06-08,106.3912
2018-06-11,106.4007
2018-06-12,106.4535
2018-06-13,106.4890
2018-06-14,107.4124
2018-06-15,107.8098
2018-06-18,108.0171
2018-06-19,108.2384
2018-06-20,108.2222
2018-06-21,108.2005
2018-06-22,108.0368
2018-06-25,107.7271
2018-06-26,107.8311
2018-06-27,108.3684
2018-06-28,108.3572
2018-06-29,107.6465
2018-07-02,108.1895
2018-07-03,107.7439
2018-07-04,#N/A
2018-07-05,107.4693
2018-07-06,107.1757
2018-07-09,107.2852
2018-07-10,107.3697
2018-07-11,107.4987
2018-07-12,107.8357
2018-07-13,107.9869
2018-07-16,107.6742
2018-07-17,108.1427
2018-07-18,108.3351
2018-07-19,108.7659
2018-07-20,107.7701
2018-07-23,107.7407
2018-07-24,107.7933
2018-07-25,107.6323
2018-07-26,107.7209
2018-07-27,107.6099
2018-07-30,107.2442
2018-07-31,107.4194
2018-08-01,107.5561
2018-08-02,107.8250
2018-08-03,107.7631
2018-08-06,108.0703
2018-08-07,107.9299
2018-08-08,108.0794
2018-08-09,108.1552
2018-08-10,109.1098
2018-08-13,109.1586
2018-08-14,109.3185
2018-08-15,109.5356
2018-08-16,109.2873
2018-08-17,108.9882
2018-08-20,108.8334
2018-08-21,108.2523
2018-08-22,107.8827
2018-08-23,108.2853
2018-08-24,107.9340
2018-08-27,107.5535
2018-08-28,107.2712
2018-08-29,107.3852
2018-08-30,107.6176
2018-08-31,108.0165
2018-09-03,#N/A
2018-09-04,108.5916
2018-09-05,108.3193
2018-09-06,108.2249
2018-09-07,108.3871
2018-09-10,108.1835
2018-09-11,108.2366
2018-09-12,107.7383
2018-09-13,107.5443
2018-09-14,107.6989
2018-09-17,107.4428
2018-09-18,107.3431
2018-09-19,107.2726
2018-09-20,106.9533
2018-09-21,107.0969
2018-09-24,106.9939
2018-09-25,107.0488
2018-09-26,107.1404
2018-09-27,107.8250
2018-09-28,107.7838
2018-10-01,107.8400
2018-10-02,107.9281
2018-10-03,108.1996
2018-10-04,108.4199
2018-10-05,108.4544
2018-10-08,#N/A
2018-10-09,108.4533
2018-10-10,108.1660
2018-10-11,108.1450
2018-10-12,108.1297
2018-10-15,107.7912
2018-10-16,107.7360
2018-10-17,108.1482
2018-10-18,108.5675
2018-10-19,108.6658
2018-10-22,108.9598
2018-10-23,108.8138
2018-10-24,109.0724
2018-10-25,109.3697
2018-10-26,109.2684
2018-10-29,109.4734
2018-10-30,109.6968
2018-10-31,109.7895
2018-11-01,109.2495
2018-11-02,109.3508
2018-11-05,109.2433
2018-11-06,109.2045
2018-11-07,108.8429
2018-11-08,109.1285
2018-11-09,109.9061
2018-11-12,#N/A
2018-11-13,110.0267
2018-11-14,109.9395
2018-11-15,109.9800
2018-11-16,109.4187
2018-11-19,109.2108
2018-11-20,109.6343
2018-11-21,109.7654
2018-11-22,#N/A
2018-11-23,109.8706
2018-11-26,109.9727
2018-11-27,110.4873
2018-11-28,110.4657
2018-11-29,109.8405
2018-11-30,110.1225
2018-12-03,109.7766
2018-12-04,109.7925
2018-12-05,#N/A
2018-12-06,110.0902
2018-12-07,109.8120
2018-12-10,110.3193
2018-12-11,110.6815
2018-12-12,110.1742
2018-12-13,110.2922
2018-12-14,110.6690
2018-12-17,110.4149
2018-12-18,110.4088
2018-12-19,110.0351
2018-12-20,110.1176
2018-12-21,110.3149
2018-12-24,110.3149
2018-12-25,#N/A
2018-12-26,110.2260
2018-12-27,110.4778
2018-12-28,110.1243
2018-12-31,109.9550
2019-01-01,#N/A
2019-01-02,110.3879
2019-01-03,109.8081
2019-01-04,109.4421
2019-01-07,108.9712
2019-01-08,109.1165
2019-01-09,108.4934
2019-01-10,108.5721
2019-01-11,108.7208
2019-01-14,#N/A
2019-01-15,109.2527
2019-01-16,109.0626
2019-01-17,109.2531
2019-01-18,109.4134
2019-01-21,#N/A
2019-01-22,109.5005
2019-01-23,109.3308
2019-01-24,109.6643
2019-01-25,108.9468
2019-01-28,108.8059
2019-01-29,108.9140
2019-01-30,108.8799
2019-01-31,108.4037
2019-02-01,108.3643
2019-02-04,108.6932
2019-02-05,108.9542
2019-02-06,109.2040
2019-02-07,109.5314
2019-02-08,109.6463
2019-02-11,110.0666
2019-02-12,109.7879
2019-02-13,109.9068
2019-02-14,110.1672
2019-02-15,110.0588
2019-02-18,#N/A
2019-02-19,109.5919
2019-02-20,#N/A
2019-02-21,109.4390
2019-02-22,109.3734
2019-02-25,109.3925
2019-02-26,109.0397
2019-02-27,108.9665
2019-02-28,109.0679
2019-03-01,109.4547
2019-03-04,109.7750
2019-03-05,110.0468
2019-03-06,110.1393
2019-03-07,110.5885
2019-03-08,110.4870
2019-03-11,110.4873
2019-03-12,110.1850
2019-03-13,109.7500
2019-03-14,109.7950
2019-03-15,109.7078
2019-03-18,109.6864
2019-03-19,109.4991
2019-03-20,109.6039
2019-03-21,109.6576
2019-03-22,109.8078
2019-03-25,109.6946
2019-03-26,109.8468
2019-03-27,110.1085
2019-03-28,110.2588
2019-03-29,110.2135
2019-04-01,110.2331
2019-04-02,110.4915
2019-04-03,110.0169
2019-04-04,110.3468
2019-04-05,110.4939
2019-04-08,110.0736
2019-04-09,109.9704
2019-04-10,109.9567
2019-04-11,110.2174
2019-04-12,109.9700
2019-04-15,110.0528
2019-04-16,110.1087
2019-04-17,110.1231
2019-04-18,110.4742
2019-04-19,110.4771
2019-04-22,110.3892
2019-04-23,110.8075
2019-04-24,110.9942
2019-04-25,111.3141
2019-04-26,111.1305
2019-04-29,111.0950
2019-04-30,110.7633
2019-05-01,110.4408
2019-05-02,110.9307
2019-05-03,110.7052
2019-05-06,110.7089
2019-05-07,110.8357
2019-05-08,110.6784
2019-05-09,110.5796
2019-05-10,110.3441
2019-05-13,110.4807
2019-05-14,110.6947
2019-05-15,110.6481
2019-05-16,110.8976
2019-05-17,111.1425
2019-05-20,111.0078
2019-05-21,111.1259
2019-05-22,111.1303
2019-05-23,111.0638
2019-05-24,110.8398
2019-05-27,#N/A
2019-05-28,111.0408
2019-05-29,111.3356
2019-05-30,111.3327
2019-05-31,111.1612
2019-06-03,110.7424
2019-06-04,110.3920
2019-06-05,110.2990
2019-06-06,109.9711
2019-06-07,109.6275
2019-06-10,109.7534
2019-06-11,109.7857
2019-06-12,109.8598
2019-06-13,110.1040
2019-06-14,110.5642
2019-06-17,110.5739
2019-06-18,110.7302
2019-06-19,110.4853
2019-06-20,109.5683
2019-06-21,109.3929
2019-06-24,108.9733
2019-06-25,108.8731
2019-06-26,108.8651
2019-06-27,108.9836
2019-06-28,108.9011
2019-07-01,109.4570
2019-07-02,109.4331
2019-07-03,109.4241
2019-07-04,#N/A
2019-07-05,109.9724
2019-07-08,109.9957
2019-07-09,110.1254
2019-07-10,109.7429
2019-07-11,109.6019
2019-07-12,109.4853
2019-07-15,109.4487
2019-07-16,109.8584
2019-07-17,109.6980
2019-07-18,109.7087
2019-07-19,109.6987
2019-07-22,109.8382
2019-07-23,110.2101
2019-07-24,110.2246
2019-07-25,110.3207
2019-07-26,110.6989
2019-07-29,110.6911
2019-07-30,110.7900
2019-07-31,110.7142
2019-08-01,111.1983
2019-08-02,110.7756
2019-08-05,110.2211
2019-08-06,110.4633
2019-08-07,110.3252
2019-08-08,110.2998
2019-08-09,110.1489
2019-08-12,110.2406
2019-08-13,110.5088
2019-08-14,110.8030
2019-08-15,110.9581
2019-08-16,110.9425
2019-08-19,111.0257
2019-08-20,111.0552
2019-08-21,110.9371
2019-08-22,110.9306
2019-08-23,110.5329
2019-08-26,110.7282
2019-08-27,110.7317
2019-08-28,110.8823
2019-08-29,111.1596
2019-08-30,111.4654
2019-09-02,#N/A
2019-09-03,111.6398
2019-09-04,111.1068
2019-09-05,110.9903
2019-09-06,110.8118
2019-09-09,110.6893
2019-09-10,110.7933
2019-09-11,111.1865
2019-09-12,110.8791
2019-09-13,110.9243
2019-09-16,111.1798
2019-09-17,110.9335
2019-09-18,111.0638
2019-09-19,111.0517
2019-09-20,111.2468
2019-09-23,111.2772
2019-09-24,111.1116
2019-09-25,111.5943
2019-09-26,111.6370
2019-09-27,111.6491
2019-09-30,111.8494
2019-10-01,111.7279
2019-10-02,111.7176
2019-10-03,111.4112
2019-10-04,111.5855
2019-10-07,111.5007
2019-10-08,111.8271
2019-10-09,111.7438
2019-10-10,111.3309
2019-10-11,110.8206
2019-10-14,#N/A
2019-10-15,110.8871
2019-10-16,110.5723
2019-10-17,110.1117
2019-10-18,109.9248
2019-10-21,109.8238
2019-10-22,109.8682
2019-10-23,110.0435
2019-10-24,110.1883
2019-10-25,110.2336
2019-10-28,110.1959
2019-10-29,110.0484
2019-10-30,110.2636
2019-10-31,109.8542
2019-11-01,109.7717
2019-11-04,109.9848
2019-11-05,110.5054
2019-11-06,110.4601
2019-11-07,110.6920
2019-11-08,110.9275
2019-11-11,#N/A
2019-11-12,110.8657
2019-11-13,110.9115
2019-11-14,110.7983
2019-11-15,110.6625
2019-11-18,110.3822
2019-11-19,110.5044
2019-11-20,110.7756
2019-11-21,110.6564
2019-11-22,110.9756
2019-11-25,111.0905
2019-11-26,111.0662
2019-11-27,111.1226
2019-11-28,#N/A
2019-11-29,111.0372
2019-12-02,110.7002
2019-12-03,110.4625
2019-12-04,110.2961
2019-12-05,110.0087
2019-12-06,110.4448
2019-12-09,110.2759
2019-12-10,110.1768
2019-12-11,110.0710
2019-12-12,110.0275
2019-12-13,109.8182
2019-12-16,109.7425
2019-12-17,109.8784
2019-12-18,109.9820
2019-12-19,109.8878
2019-12-20,110.2504
2019-12-23,110.2788
2019-12-24,#N/A
2019-12-25,#N/A
2019-12-26,110.0719
2019-12-27,109.5029
2019-12-30,109.1212
2019-12-31,108.7213
2020-01-01,#N/A
2020-01-02,109.1873
2020-01-03,109.0979
2020-01-06,108.9922
2020-01-07,109.4097
2020-01-08,109.5943
2020-01-09,109.8804
2020-01-10,109.7388
2020-01-13,109.7506
2020-01-14,109.7613
2020-01-15,109.5454
2020-01-16,109.6773
2020-01-17,109.9775
2020-01-20,#N/A
2020-01-21,109.9192
2020-01-22,110.0540
2020-01-23,110.2186
2020-01-24,110.3191
2020-01-27,110.4079
2020-01-28,110.5607
2020-01-29,110.6320
2020-01-30,110.3938
2020-01-31,110.0649
2020-02-03,110.4997
2020-02-04,110.5958
2020-02-05,110.8947
2020-02-06,111.1005
2020-02-07,111.3096
2020-02-10,111.4817
2020-02-11,111.3679
2020-02-12,111.3278
2020-02-13,111.4842
2020-02-14,111.5516
2020-02-17,#N/A
2020-02-18,111.7010
2020-02-19,112.0096
2020-02-20,112.2134
2020-02-21,111.7265
2020-02-24,111.7624
2020-02-25,111.6100
2020-02-26,111.7146
2020-02-27,111.3834
2020-02-28,111.2470
2020-03-02,110.2848
2020-03-03,110.0950
2020-03-04,110.4397
2020-03-05,109.8620
2020-03-06,109.0982
2020-03-09,108.4494
2020-03-10,109.6951
2020-03-11,110.0828
2020-03-12,111.8365
2020-03-13,112.5290
2020-03-16,112.0776
2020-03-17,113.9413
2020-03-18,115.8278
2020-03-19,116.6755
2020-03-20,116.6281
2020-03-23,116.9386
2020-03-24,116.2559
2020-03-25,115.7439
2020-03-26,113.5127
2020-03-27,112.9588
2020-03-30,113.3304
2020-03-31,113.1157
2020-04-01,113.7339
2020-04-02,113.9935
2020-04-03,114.6227
2020-04-06,114.5047
2020-04-07,113.6745
2020-04-08,113.7681
2020-04-09,113.2157
2020-04-10,113.0473
2020-04-13,113.0876
2020-04-14,112.4767
2020-04-15,113.3845
2020-04-16,113.9257
2020-04-17,113.3453
2020-04-20,113.5226
2020-04-21,114.1604
2020-04-22,114.0705
2020-04-23,113.8272
2020-04-24,114.0793
2020-04-27,113.6801
2020-04-28,113.4260
2020-04-29,113.2073
2020-04-30,112.6197
2020-05-01,112.8239
2020-05-04,113.2875
2020-05-05,113.4068
2020-05-06,113.9001
2020-05-07,113.4850
2020-05-08,113.0589
2020-05-11,113.7772
2020-05-12,113.4638
2020-05-13,113.8152
2020-05-14,114.0618
2020-05-15,114.0960
2020-05-18,113.2868
2020-05-19,112.9895
2020-05-20,112.7364
2020-05-21,113.0495
2020-05-22,113.5175
2020-05-25,#N/A
2020-05-26,112.5352
2020-05-27,112.6292
2020-05-28,111.9699
2020-05-29,111.9121
2020-06-01,111.1620
2020-06-02,110.8405
2020-06-03,110.3855
2020-06-04,110.1015
2020-06-05,110.0227
2020-06-08,109.7628
2020-06-09,109.4747
2020-06-10,109.2403
2020-06-11,109.5542
2020-06-12,110.4189
2020-06-15,110.3936
2020-06-16,110.2632
2020-06-17,110.4875
2020-06-18,110.6040
2020-06-19,110.8123
2020-06-22,110.2564
2020-06-23,109.7481
2020-06-24,110.3487
2020-06-25,110.7624
2020-06-26,110.9260
2020-06-29,110.9572
2020-06-30,110.6759
2020-07-01,110.3619
2020-07-02,110.4883
2020-07-03,#N/A
2020-07-06,110.0366
2020-07-07,110.0691
2020-07-08,109.7869
2020-07-09,109.9757
2020-07-10,109.8220
2020-07-13,109.6818
2020-07-14,109.6385
2020-07-15,109.4111
2020-07-16,109.3180
2020-07-17,109.4028
2020-07-20,109.2101
2020-07-21,108.6096
2020-07-22,108.1716
2020-07-23,107.8598
2020-07-24,107.7741
2020-07-27,107.0685
2020-07-28,106.9681
2020-07-29,106.8037
2020-07-30,106.8173
2020-07-31,106.5813
2020-08-03,107.0895
2020-08-04,106.8555
2020-08-05,105.8983
2020-08-06,106.1602
2020-08-07,106.8804
2020-08-10,106.8310
2020-08-11,106.7875
2020-08-12,106.5772
2020-08-13,106.3885
2020-08-14,106.3352
2020-08-17,105.9973
2020-08-18,105.5334
2020-08-19,105.7602
2020-08-20,105.9141
2020-08-21,106.4255
2020-08-24,106.3563
2020-08-25,106.2332
2020-08-26,106.0547
2020-08-27,105.9157
2020-08-28,105.3257
2020-08-31,104.9987
2020-09-01,105.0680
2020-09-02,105.6522
2020-09-03,105.8909
2020-09-04,105.9476
2020-09-07,#N/A
2020-09-08,106.4203
2020-09-09,106.2798
2020-09-10,106.1065
2020-09-11,106.3976
2020-09-14,106.0566
2020-09-15,106.2172
2020-09-16,105.9981
2020-09-17,106.1622
2020-09-18,105.9319
2020-09-21,106.8976
2020-09-22,107.2044
2020-09-23,107.5137
2020-09-24,107.6303
2020-09-25,107.9808
2020-09-28,107.5400
2020-09-29,107.3883
2020-09-30,107.0554
2020-10-01,106.8622
2020-10-02,107.0920
2020-10-05,106.6426
2020-10-06,106.7086
2020-10-07,106.8485
2020-10-08,106.7372
2020-10-09,106.0955
2020-10-12,#N/A
2020-10-13,106.5073
2020-10-14,106.3408
2020-10-15,106.9262
2020-10-16,106.7559
2020-10-19,106.3018
2020-10-20,106.1406
2020-10-21,105.6649
2020-10-22,105.9536
2020-10-23,105.9232
2020-10-26,106.2038
2020-10-27,105.9027
2020-10-28,106.6768
2020-10-29,107.3463
2020-10-30,107.2434
2020-11-02,107.2048
2020-11-03,106.3323
2020-11-04,106.2420
2020-11-05,105.5697
2020-11-06,105.1039
2020-11-09,105.6713
2020-11-10,105.6175
2020-11-11,#N/A
2020-11-12,105.8924
2020-11-13,105.8955
2020-11-16,105.5557
2020-11-17,105.4833
2020-11-18,105.2048
2020-11-19,105.4952
2020-11-20,105.3452
2020-11-23,105.6031
2020-11-24,105.2165
2020-11-25,104.9397
2020-11-26,#N/A
2020-11-27,#N/A
2020-11-30,104.7887
2020-12-01,104.3250
2020-12-02,104.0838
2020-12-03,103.4758
2020-12-04,103.4036
2020-12-07,103.4744
2020-12-08,103.6255
2020-12-09,103.6868
2020-12-10,103.4483
2020-12-11,103.5989
2020-12-14,103.4153
2020-12-15,103.0941
2020-12-16,103.0205
2020-12-17,102.4663
2020-12-18,102.7948
2020-12-21,103.0849
2020-12-22,103.5343
2020-12-23,103.1235
2020-12-24,#N/A
2020-12-25,#N/A
2020-12-28,103.2310
2020-12-29,102.7604
2020-12-30,102.4823
2020-12-31,102.5681
2021-01-01,#N/A
2021-01-04,102.6327
2021-01-05,102.1445
2021-01-06,102.2248
2021-01-07,102.5254
2021-01-08,102.4981
2021-01-11,103.0859
2021-01-12,102.9329
2021-01-13,102.8612
2021-01-14,102.6046
2021-01-15,103.1022
2021-01-18,#N/A
2021-01-19,103.0204
2021-01-20,#N/A
2021-01-21,102.6270
2021-01-22,102.7152
2021-01-25,102.9831
2021-01-26,102.8033
2021-01-27,103.2286
2021-01-28,103.2145
2021-01-29,103.1555
2021-02-01,103.6394
2021-02-02,103.8564
2021-02-03,103.7094
2021-02-04,104.1095
2021-02-05,103.6952
2021-02-08,103.5318
2021-02-09,103.0588
2021-02-10,102.8198
2021-02-11,102.8992
2021-02-12,102.9087
2021-02-15,#N/A
2021-02-16,103.0538
2021-02-17,103.4192
2021-02-18,103.1657
2021-02-19,102.5963
2021-02-22,102.4461
2021-02-23,102.5653
2021-02-24,102.5061
2021-02-25,102.1871
2021-02-26,103.3389
2021-03-01,103.4028
2021-03-02,103.1988
2021-03-03,103.2626
2021-03-04,103.4253
2021-03-05,104.3824
2021-03-08,104.7603
2021-03-09,104.4242
2021-03-10,104.3384
2021-03-11,103.7231
2021-03-12,103.7460
2021-03-15,104.0065
2021-03-16,103.9403
2021-03-17,104.0110
2021-03-18,103.7519
2021-03-19,104.0560
2021-03-22,103.9452
2021-03-23,104.3458
2021-03-24,104.6244
2021-03-25,105.0524
2021-03-26,104.8695
2021-03-29,104.9808
2021-03-30,105.4134
2021-03-31,105.2080
2021-04-01,105.0714
2021-04-02,105.1130
2021-04-05,104.6245
2021-04-06,104.5164
2021-04-07,104.5665
2021-04-08,104.3666
2021-04-09,104.3615
2021-04-12,104.3252
2021-04-13,104.1283
2021-04-14,103.8455
2021-04-15,103.9170
2021-04-16,103.7142
2021-04-19,103.3862
2021-04-20,103.4301
2021-04-21,103.3006
2021-04-22,103.4864
2021-04-23,103.2455
2021-04-26,102.9416
2021-04-27,102.9865
2021-04-28,102.8435
2021-04-29,102.6430
2021-04-30,103.0894
2021-05-03,102.8410
2021-05-04,103.2058
2021-05-05,103.0498
2021-05-06,102.7080
2021-05-07,101.9078
2021-05-10,101.6586
2021-05-11,101.6986
2021-05-12,102.3184
2021-05-13,102.4561
2021-05-14,102.0062
2021-05-17,101.8201
2021-05-18,101.5379
2021-05-19,101.5671
2021-05-20,101.4140
2021-05-21,101.6801
2021-05-24,101.5737
2021-05-25,101.4935
2021-05-26,101.7026
2021-05-27,101.7073
2021-05-28,101.7509
2021-05-31,#N/A
2021-06-01,101.3790
2021-06-02,101.5453
2021-06-03,102.2433
2021-06-04,101.7648
2021-06-07,101.5680
2021-06-08,101.7761
2021-06-09,101.7960
2021-06-10,101.7592
2021-06-11,102.2837
2021-06-14,102.1434
2021-06-15,102.3837
2021-06-16,102.2404
2021-06-17,103.7989
2021-06-18,104.2563
2021-06-21,103.8561
2021-06-22,103.9029
2021-06-23,103.5082
2021-06-24,103.7809
2021-06-25,103.6117
2021-06-28,103.6797
2021-06-29,103.9919
2021-06-30,104.3949
2021-07-01,104.4547
2021-07-02,104.2750
2021-07-05,#N/A
2021-07-06,104.6106
2021-07-07,104.7569
2021-07-08,104.5467
2021-07-09,104.3105
2021-07-12,104.2594
2021-07-13,104.5963
2021-07-14,104.5211
2021-07-15,104.7626
2021-07-16,104.8473
2021-07-19,105.2455
2021-07-20,105.4396
2021-07-21,104.8718
2021-07-22,105.0128
2021-07-23,105.1168
2021-07-26,104.7063
2021-07-27,104.5847
2021-07-28,104.6848
2021-07-29,103.9262
2021-07-30,104.1470
2021-08-02,104.1438
2021-08-03,104.2640
2021-08-04,104.3791
2021-08-05,104.2672
2021-08-06,104.8926
2021-08-09,105.0233
2021-08-10,105.1013
2021-08-11,104.9566
2021-08-12,105.0062
2021-08-13,104.6155
2021-08-16,104.7503
2021-08-17,105.2760
2021-08-18,105.4176
2021-08-19,105.8568
2021-08-20,106.0678
2021-08-23,105.3568
2021-08-24,105.1554
2021-08-25,105.1689
2021-08-26,105.2787
2021-08-27,104.9206
2021-08-30,104.9607
2021-08-31,105.0068
2021-09-01,104.7209
2021-09-02,104.5351
2021-09-03,104.2559
2021-09-06,#N/A
2021-09-07,104.7686
2021-09-08,105.0996
2021-09-09,104.8120
2021-09-10,104.8459
2021-09-13,104.9318
2021-09-14,104.8801
2021-09-15,104.8889
2021-09-16,105.2508
2021-09-17,105.5997
2021-09-20,105.8066
2021-09-21,105.7056
2021-09-22,105.5312
2021-09-23,105.3977
2021-09-24,105.6277
2021-09-27,105.6197
2021-09-28,106.0281
2021-09-29,106.6156
2021-09-30,106.4938
2021-10-01,106.1858
2021-10-04,105.8302
2021-10-05,105.8942
2021-10-06,106.3203
2021-10-07,106.0566
2021-10-08,105.9320
2021-10-11,#N/A
2021-10-12,106.1621
2021-10-13,105.9848
2021-10-14,105.6338
2021-10-15,105.7104
2021-10-18,105.6105
2021-10-19,105.4174
2021-10-20,105.2641
2021-10-21,105.2293
2021-10-22,105.4075
2021-10-25,105.4706
2021-10-26,105.6418
2021-10-27,105.4362
2021-10-28,104.9929
2021-10-29,105.8110
2021-11-01,105.5271
2021-11-02,105.7983
2021-11-03,105.7514
2021-11-04,106.0968
2021-11-05,105.9997
2021-11-08,105.7698
2021-11-09,105.7991
2021-11-10,106.2775
2021-11-11,#N/A
2021-11-12,106.9181
2021-11-15,106.8766
2021-11-16,107.5038
2021-11-17,107.5408
2021-11-18,107.4542
2021-11-19,107.5866
2021-11-22,108.1286
2021-11-23,108.2603
2021-11-24,108.5358
2021-11-25,#N/A
2021-11-26,108.0734
2021-11-29,108.3862
2021-11-30,108.2837
2021-12-01,107.9400
2021-12-02,108.1394
2021-12-03,108.2403
2021-12-06,108.3047
2021-12-07,108.1663
2021-12-08,107.8071
2021-12-09,108.1348
2021-12-10,107.9070
2021-12-13,108.2260
2021-12-14,108.5537
2021-12-15,108.7457
2021-12-16,108.0537
2021-12-17,108.3740
2021-12-20,108.5656
2021-12-21,108.7119
2021-12-22,108.1896
2021-12-23,108.0741
2021-12-24,#N/A
2021-12-27,108.0323
2021-12-28,108.1098
2021-12-29,107.9842
2021-12-30,107.9758
2021-12-31,#N/A
