Date,Open,High,Low,Price
3-Jan-17,176.62,179.97,179.97,179.97
4-Jan-17,179.98,179.44,179.44,179.44
5-Jan-17,179.44,179.36,179.36,179.36
6-Jan-17,177.51,174.57,174.57,174.57
9-Jan-17,174.57,172.59,172.59,172.59
10-Jan-17,172.59,172.68,172.68,172.68
11-Jan-17,172.67,171.84,171.84,171.84
12-Jan-17,171.83,172.92,172.92,172.92
13-Jan-17,172.93,172.67,172.67,172.67
17-Jan-17,172.67,173.33,173.33,173.33
18-Jan-17,173.34,171.99,171.99,171.99
19-Jan-17,172.43,172.55,172.55,172.55
20-Jan-17,172.55,174.03,174.03,174.03
23-Jan-17,174.02,174.86,174.86,174.86
24-Jan-17,174.84,170.19,170.19,170.19
25-Jan-17,170.19,169.79,169.79,169.79
26-Jan-17,169.79,169.83,169.83,169.83
27-Jan-17,169.83,171,171,171
30-Jan-17,169.83,171,171,171
31-Jan-17,170.97,170.2,170.2,170.2
1-Feb-17,170.21,170.43,170.43,170.43
2-Feb-17,170.42,169.22,169.22,169.22
3-Feb-17,169.22,167.1,167.1,167.1
6-Feb-17,167.11,167.75,167.75,167.75
7-Feb-17,167.76,166.4,166.4,166.4
8-Feb-17,166.4,166.47,166.47,166.47
9-Feb-17,166.47,166.98,166.98,166.98
10-Feb-17,166.99,167.81,167.81,167.81
13-Feb-17,167.8,168.24,168.24,168.24
14-Feb-17,168.24,166.12,166.12,166.12
15-Feb-17,166.13,165.94,165.94,165.94
16-Feb-17,165.94,166.38,166.38,166.38
17-Feb-17,166.38,167.14,167.14,167.14
21-Feb-17,167.14,168.65,168.65,168.65
22-Feb-17,168.67,169.66,169.66,169.66
23-Feb-17,169.65,169.76,169.76,169.76
24-Feb-17,169.77,171.39,171.39,171.39
27-Feb-17,171.39,172.62,172.62,172.62
28-Feb-17,172.61,170.52,170.52,170.52
1-Mar-17,170.44,169.77,169.77,169.77
2-Mar-17,169.7,170.55,170.55,170.55
3-Mar-17,170.55,170.64,170.64,170.64
6-Mar-17,170.65,170.67,170.67,170.67
7-Mar-17,170.68,170.31,170.31,170.31
8-Mar-17,170.28,169.06,169.06,169.06
9-Mar-17,169.06,168.36,168.36,168.36
10-Mar-17,168.36,169.04,169.04,169.04
13-Mar-17,169.05,170.17,170.17,170.17
14-Mar-17,170.12,170.43,170.43,170.43
15-Mar-17,170.43,169.6,169.6,169.6
16-Mar-17,169.61,171.91,171.91,171.91
17-Mar-17,171.92,171.36,171.36,171.36
20-Mar-17,171.37,172.3,172.3,172.3
21-Mar-17,172.3,171.67,171.67,171.67
22-Mar-17,171.69,170.74,170.74,170.74
23-Mar-17,170.73,169,169,169
24-Mar-17,169,168.86,168.86,168.86
27-Mar-17,168.89,169.01,169.01,169.01
28-Mar-17,168.98,167.78,167.78,167.78
29-Mar-17,167.76,168.13,168.13,168.13
30-Mar-17,168.14,167.84,167.84,167.84
31-Mar-17,167.84,168.52,168.52,168.52
3-Apr-17,168.58,167.68,167.68,167.68
4-Apr-17,167.68,168.35,168.35,168.35
5-Apr-17,168.22,168.9,168.9,168.9
6-Apr-17,168.91,168.19,168.19,168.19
7-Apr-17,166.33,165.51,165.51,165.51
10-Apr-17,165.52,165.83,165.83,165.83
11-Apr-17,165.85,165.32,165.32,165.32
12-Apr-17,165.3,165.41,165.41,165.41
13-Apr-17,165.39,166.35,166.35,166.35
17-Apr-17,166.34,165.32,165.32,165.32
18-Apr-17,165.35,165.7,165.7,165.7
19-Apr-17,165.68,166.09,166.09,166.09
20-Apr-17,166.11,165.77,165.77,165.77
21-Apr-17,165.78,165.34,165.34,165.34
24-Apr-17,165.33,162.73,162.73,162.73
25-Apr-17,162.78,162.67,162.67,162.67
26-Apr-17,162.67,162.18,162.18,162.18
27-Apr-17,162.18,164.17,164.17,164.17
28-Apr-17,164.18,162.04,162.04,162.04
1-May-17,162.03,160.33,160.33,160.33
2-May-17,160.35,159.07,159.07,159.07
3-May-17,159.08,158.99,158.99,158.99
4-May-17,158.98,157.97,157.97,157.97
5-May-17,157.87,156.18,156.18,156.18
8-May-17,156.19,158.45,158.45,158.45
9-May-17,158.46,158.8,158.8,158.8
10-May-17,158.82,157.84,157.84,157.84
11-May-17,157.81,158.3,158.3,158.3
12-May-17,158.29,157.54,157.54,157.54
15-May-17,157.58,157.44,157.44,157.44
16-May-17,157.4,157.06,157.06,157.06
17-May-17,157.08,156.11,156.11,156.11
18-May-17,156.07,153.3,153.3,153.3
19-May-17,153.29,155.15,155.15,155.15
22-May-17,155.17,156.41,156.41,156.41
23-May-17,156.39,156.54,156.54,156.54
24-May-17,156.55,156.75,156.75,156.75
25-May-17,156.7,155.7,155.7,155.7
26-May-17,155.7,156.25,156.25,156.25
30-May-17,156.26,155.99,155.99,155.99
31-May-17,156.02,158.2,158.2,158.2
1-Jun-17,158.5,158.76,158.76,158.76
2-Jun-17,158.71,159.71,159.71,159.71
5-Jun-17,159.84,159.62,159.62,159.62
6-Jun-17,159.6,159.39,159.39,159.39
7-Jun-17,159.36,159.32,159.32,159.32
8-Jun-17,159.41,159.46,159.46,159.46
9-Jun-17,159.47,158.54,158.54,158.54
12-Jun-17,158.55,159.93,159.93,159.93
13-Jun-17,160.03,161.37,161.37,161.37
14-Jun-17,161.37,159.71,159.71,159.71
15-Jun-17,159.71,160.16,160.16,160.16
16-Jun-17,160.14,160.23,160.23,160.23
19-Jun-17,160.64,160.06,160.06,160.06
20-Jun-17,160.05,159.74,159.74,159.74
21-Jun-17,159.72,158.09,158.09,158.09
22-Jun-17,158.05,156.17,156.17,156.17
23-Jun-17,156.17,156.04,156.04,156.04
26-Jun-17,156.03,155.71,155.71,155.71
27-Jun-17,155.7,156.68,156.68,156.68
28-Jun-17,156.67,154.44,154.44,154.44
29-Jun-17,154.45,155.07,155.07,155.07
30-Jun-17,155.08,153.54,153.54,153.54
3-Jul-17,153.57,154.03,154.03,154.03
5-Jul-17,154.06,155.36,155.36,155.36
6-Jul-17,155.37,154.81,154.81,154.81
7-Jul-17,152.86,151.26,151.26,151.26
10-Jul-17,151.28,150.68,150.68,150.68
11-Jul-17,150.66,149.92,149.92,149.92
12-Jul-17,149.96,148.92,148.92,148.92
13-Jul-17,149.13,149.63,149.63,149.63
14-Jul-17,149.63,148.78,148.78,148.78
17-Jul-17,148.78,149.14,149.14,149.14
18-Jul-17,149.13,149.44,149.44,149.44
19-Jul-17,149.42,147.98,147.98,147.98
20-Jul-17,148,148.52,148.52,148.52
21-Jul-17,148.61,150.62,150.62,150.62
24-Jul-17,150.63,150.66,150.66,150.66
25-Jul-17,150.64,149.13,149.13,149.13
26-Jul-17,149.14,149.56,149.56,149.56
27-Jul-17,149.59,153.99,153.99,153.99
28-Jul-17,154,162,162,162
31-Jul-17,161.99,161.19,161.19,161.19
1-Aug-17,161.12,161.84,161.84,161.84
2-Aug-17,162.35,162.32,162.32,162.32
3-Aug-17,162.32,160.17,160.17,160.17
4-Aug-17,160.14,160.31,160.31,160.31
7-Aug-17,160.31,161.07,161.07,161.07
8-Aug-17,161.07,161.15,161.15,161.15
9-Aug-17,161.14,160.28,160.28,160.28
10-Aug-17,160.27,159.72,159.72,159.72
11-Aug-17,159.63,159.03,159.03,159.03
14-Aug-17,159.02,158.89,158.89,158.89
15-Aug-17,159.27,160.86,160.86,160.86
16-Aug-17,160.85,159.24,159.24,159.24
17-Aug-17,159.26,159.41,159.41,159.41
18-Aug-17,159.41,156.82,156.82,156.82
21-Aug-17,156.82,155.98,155.98,155.98
22-Aug-17,155.97,157.08,157.08,157.08
23-Aug-17,157.1,158.47,158.47,158.47
24-Aug-17,158.44,158.4,158.4,158.4
25-Aug-17,158.4,157.82,157.82,157.82
28-Aug-17,158.19,159.06,159.06,159.06
29-Aug-17,159.07,159.03,159.03,159.03
30-Aug-17,159,158.67,158.67,158.67
31-Aug-17,158.67,157.66,157.66,157.66
1-Sep-17,157.77,156.85,156.85,156.85
5-Sep-17,156.88,156.92,156.92,156.92
6-Sep-17,156.71,155.13,155.13,155.13
7-Sep-17,155.15,153.22,153.22,153.22
8-Sep-17,153.29,150.04,150.04,150.04
11-Sep-17,150.11,149.85,149.85,149.85
12-Sep-17,149.88,150.37,150.37,150.37
13-Sep-17,150.71,152.43,152.43,152.43
14-Sep-17,152.43,153.57,153.57,153.57
15-Sep-17,153.56,152.96,152.96,152.96
18-Sep-17,153.2,155.68,155.68,155.68
19-Sep-17,155.68,156.47,156.47,156.47
20-Sep-17,156.47,159.99,159.99,159.99
21-Sep-17,159.9,160.7,160.7,160.7
22-Sep-17,160.7,159.43,159.43,159.43
25-Sep-17,159.83,161.59,161.59,161.59
26-Sep-17,161.57,162.98,162.98,162.98
27-Sep-17,162.97,161.59,161.59,161.59
28-Sep-17,161.23,161.68,161.68,161.68
29-Sep-17,161.17,162.08,162.08,162.08
2-Oct-17,162.07,162.37,162.37,162.37
3-Oct-17,162.36,162.2,162.2,162.2
4-Oct-17,162.26,163.98,163.98,163.98
5-Oct-17,163.95,164.07,164.07,164.07
6-Oct-17,164.14,163.88,163.88,163.88
9-Oct-17,161.58,160.56,160.56,160.56
10-Oct-17,160.58,160.31,160.31,160.31
11-Oct-17,160.3,160.94,160.94,160.94
12-Oct-17,160.94,159.86,159.86,159.86
13-Oct-17,159.84,154.2,154.2,154.2
16-Oct-17,154.19,153.11,153.11,153.11
17-Oct-17,153.24,154.3,154.3,154.3
18-Oct-17,154.28,154.62,154.62,154.62
19-Oct-17,154.6,153.72,153.72,153.72
20-Oct-17,155.81,154.43,154.43,154.43
23-Oct-17,154.89,154.76,154.76,154.76
24-Oct-17,154.5,153.27,153.27,153.27
25-Oct-17,153.49,152.33,152.33,152.33
26-Oct-17,151.01,148.86,148.86,148.86
27-Oct-17,149.24,149.63,149.63,149.63
30-Oct-17,149.24,149.87,149.87,149.87
31-Oct-17,149.88,147.76,147.76,147.76
1-Nov-17,147.93,148.26,148.26,148.26
2-Nov-17,148.59,147.59,147.59,147.59
3-Nov-17,147.69,146.1,146.1,146.1
6-Nov-17,146.45,145.95,145.95,145.95
7-Nov-17,144.34,142.39,142.39,142.39
8-Nov-17,142.03,142.74,142.74,142.74
9-Nov-17,142.56,143.4,143.4,143.4
10-Nov-17,143.07,143.78,143.78,143.78
13-Nov-17,143.83,143.99,143.99,143.99
14-Nov-17,144.03,143.64,143.64,143.64
15-Nov-17,143.55,141.58,141.58,141.58
16-Nov-17,141.73,141.75,141.75,141.75
17-Nov-17,141.94,144.23,144.23,144.23
20-Nov-17,143.99,145.16,145.16,145.16
21-Nov-17,145.14,146.56,146.56,146.56
22-Nov-17,146.78,145.77,145.77,145.77
24-Nov-17,145.76,148.2,148.2,148.2
27-Nov-17,147.98,147.77,147.77,147.77
28-Nov-17,148.34,148.35,148.35,148.35
29-Nov-17,148.39,151.64,151.64,151.64
30-Nov-17,151.68,155.78,155.78,155.78
1-Dec-17,155.93,157.01,157.01,157.01
4-Dec-17,157.02,157.69,157.69,157.69
5-Dec-17,158.09,160.2,160.2,160.2
6-Dec-17,160.2,157.35,157.35,157.35
7-Dec-17,157.03,155.86,155.86,155.86
8-Dec-17,155.75,155.71,155.71,155.71
11-Dec-17,155.82,158.08,158.08,158.08
12-Dec-17,158.28,159.94,159.94,159.94
13-Dec-17,160.69,164.42,164.42,164.42
14-Dec-17,164.55,164.22,164.22,164.22
15-Dec-17,163.73,162.68,162.68,162.68
18-Dec-17,163.35,164.42,164.42,164.42
19-Dec-17,164.82,165.99,165.99,165.99
20-Dec-17,166.05,164.38,164.38,164.38
21-Dec-17,164.8,165.29,165.29,165.29
22-Dec-17,165.43,166.46,166.46,166.46
26-Dec-17,166.59,166.77,166.77,166.77
27-Dec-17,166.75,167.11,167.11,167.11
28-Dec-17,167.09,166.73,166.73,166.73
29-Dec-17,166.9,167.59,167.59,167.59
2-Jan-18,167.41,166.07,166.07,166.07
3-Jan-18,166.4,166.45,166.45,166.45
4-Jan-18,166.05,162.83,162.83,162.83
5-Jan-18,162.83,163.79,163.79,163.79
8-Jan-18,164.15,163.93,163.93,163.93
9-Jan-18,164.05,164.12,164.12,164.12
10-Jan-18,162.21,161.12,161.12,161.12
11-Jan-18,160.81,159.67,159.67,159.67
12-Jan-18,159.68,159.97,159.97,159.97
16-Jan-18,159.98,160.48,160.48,160.48
17-Jan-18,160.49,159.79,159.79,159.79
18-Jan-18,160.07,160.19,160.19,160.19
19-Jan-18,160.2,160.57,160.57,160.57
22-Jan-18,160.56,161.2,161.2,161.2
23-Jan-18,161.39,164.99,164.99,164.99
24-Jan-18,165,163.07,163.07,163.07
25-Jan-18,163.08,164.14,164.14,164.14
26-Jan-18,164.31,165.31,165.31,165.31
29-Jan-18,165.68,166.88,166.88,166.88
30-Jan-18,166.84,164.75,164.75,164.75
31-Jan-18,165.1,164.74,164.74,164.74
1-Feb-18,164.85,165,165,165
2-Feb-18,165.01,169.09,169.09,169.09
5-Feb-18,168.94,164.75,164.75,164.75
6-Feb-18,164.71,157.75,157.75,157.75
7-Feb-18,157.69,158.75,158.75,158.75
8-Feb-18,158.73,159.22,159.22,159.22
9-Feb-18,159.15,153.14,153.14,153.14
12-Feb-18,153.2,155.32,155.32,155.32
13-Feb-18,155.9,156.61,156.61,156.61
14-Feb-18,156.58,157.22,157.22,157.22
15-Feb-18,156.7,156.11,156.11,156.11
16-Feb-18,156.13,158.25,158.25,158.25
20-Feb-18,158.18,159.08,159.08,159.08
21-Feb-18,159.02,156.35,156.35,156.35
22-Feb-18,156.36,153.78,153.78,153.78
23-Feb-18,153.77,154.02,154.02,154.02
26-Feb-18,154.07,155.24,155.24,155.24
27-Feb-18,155.25,158.07,158.07,158.07
28-Feb-18,158.07,155.16,155.16,155.16
1-Mar-18,156.32,153.36,153.36,153.36
2-Mar-18,153.34,152.93,152.93,152.93
5-Mar-18,152.7,154.1,154.1,154.1
6-Mar-18,154.05,155.68,155.68,155.68
7-Mar-18,155.73,156.38,156.38,156.38
8-Mar-18,155.87,156.33,156.33,156.33
9-Mar-18,156.33,156.99,156.99,156.99
12-Mar-18,157.01,156.9,156.9,156.9
13-Mar-18,156.9,157.29,157.29,157.29
14-Mar-18,157.27,157.03,157.03,157.03
15-Mar-18,157.06,155.84,155.84,155.84
16-Mar-18,155.98,155.5,155.5,155.5
19-Mar-18,155.53,155.86,155.86,155.86
20-Mar-18,155.85,154.44,154.44,154.44
21-Mar-18,154.57,152.88,152.88,152.88
22-Mar-18,152.87,151.59,151.59,151.59
23-Mar-18,151.55,149.46,149.46,149.46
26-Mar-18,149.49,147.07,147.07,147.07
27-Mar-18,147.15,148.42,148.42,148.42
28-Mar-18,148.41,149.19,149.19,149.19
29-Mar-18,150.03,151.64,151.64,151.64
2-Apr-18,151.66,151.65,151.65,151.65
3-Apr-18,151.34,149.46,149.46,149.46
4-Apr-18,149.67,150.61,150.61,150.61
5-Apr-18,150.51,152.55,152.55,152.55
6-Apr-18,152.57,153.63,153.63,153.63
9-Apr-18,153.48,151.38,151.38,151.38
10-Apr-18,149.65,149.61,149.61,149.61
11-Apr-18,150,153.07,153.07,153.07
12-Apr-18,152.54,150.79,150.79,150.79
13-Apr-18,150.82,150.75,150.75,150.75
16-Apr-18,150.77,150.53,150.53,150.53
17-Apr-18,150.59,152.77,152.77,152.77
18-Apr-18,153.01,152.92,152.92,152.92
19-Apr-18,152.95,152.24,152.24,152.24
20-Apr-18,152.25,151.04,151.04,151.04
23-Apr-18,151.06,150.05,150.05,150.05
24-Apr-18,150.07,151.67,151.67,151.67
25-Apr-18,151.7,153.44,153.44,153.44
26-Apr-18,153.41,154.68,154.68,154.68
27-Apr-18,150.94,149.68,149.68,149.68
30-Apr-18,150.36,152.3,152.3,152.3
1-May-18,152.33,148.24,148.24,148.24
2-May-18,148.22,147.1,147.1,147.1
3-May-18,147.23,144.51,144.51,144.51
4-May-18,144.5,144.24,144.24,144.24
7-May-18,144.24,145.32,145.32,145.32
8-May-18,145.34,144.44,144.44,144.44
9-May-18,144.38,142.56,142.56,142.56
10-May-18,142.55,140.95,140.95,140.95
11-May-18,141.48,143.64,143.64,143.64
14-May-18,144.89,146.65,146.65,146.65
15-May-18,146.67,146.12,146.12,146.12
16-May-18,146.07,144.94,144.94,144.94
17-May-18,144.94,145.45,145.45,145.45
18-May-18,145.47,144.64,144.64,144.64
21-May-18,144.62,144.75,144.75,144.75
22-May-18,144.82,146.91,146.91,146.91
23-May-18,146.97,147.12,147.12,147.12
24-May-18,147.02,146.49,146.49,146.49
25-May-18,146.72,147.36,147.36,147.36
29-May-18,147.29,146.49,146.49,146.49
30-May-18,146.45,145.66,145.66,145.66
31-May-18,146.06,146.78,146.78,146.78
1-Jun-18,146.65,144.87,144.87,144.87
4-Jun-18,144.74,145.23,145.23,145.23
5-Jun-18,145.28,145.08,145.08,145.08
6-Jun-18,145.08,145.81,145.81,145.81
7-Jun-18,145.82,148.01,148.01,148.01
8-Jun-18,147.99,149.81,149.81,149.81
11-Jun-18,149.79,150.11,150.11,150.11
12-Jun-18,150.13,151.11,151.11,151.11
13-Jun-18,151.14,150.8,150.8,150.8
14-Jun-18,147.95,144.03,144.03,144.03
15-Jun-18,144.85,145.44,145.44,145.44
18-Jun-18,145.7,147.15,147.15,147.15
19-Jun-18,146.93,144.25,144.25,144.25
20-Jun-18,144.2,146.3,146.3,146.3
21-Jun-18,146.3,144.88,144.88,144.88
22-Jun-18,145.97,144.62,144.62,144.62
25-Jun-18,145.12,146.39,146.39,146.39
26-Jun-18,146.39,146.28,146.28,146.28
27-Jun-18,146.35,145.66,145.66,145.66
28-Jun-18,145.52,145.71,145.71,145.71
29-Jun-18,145.96,149.05,149.05,149.05
2-Jul-18,148.84,148.12,148.12,148.12
3-Jul-18,148.11,148.46,148.46,148.46
5-Jul-18,148.5,150.19,150.19,150.19
6-Jul-18,150.22,150.79,150.79,150.79
9-Jul-18,150.88,151.33,151.33,151.33
10-Jul-18,149.55,149.18,149.18,149.18
11-Jul-18,149.26,150.87,150.87,150.87
12-Jul-18,150.8,149.29,149.29,149.29
13-Jul-18,149.36,150.07,150.07,150.07
16-Jul-18,150.03,148.94,148.94,148.94
17-Jul-18,148.9,149.64,149.64,149.64
18-Jul-18,149.54,149.1,149.1,149.1
19-Jul-18,149,148.56,148.56,148.56
20-Jul-18,148.55,146.92,146.92,146.92
23-Jul-18,146.91,146.2,146.2,146.2
24-Jul-18,146.27,146.16,146.16,146.16
25-Jul-18,146.19,148.73,148.73,148.73
26-Jul-18,148.7,144.44,144.44,144.44
27-Jul-18,144.76,145.07,145.07,145.07
30-Jul-18,145.5,147.88,147.88,147.88
31-Jul-18,148.27,150.76,150.76,150.76
1-Aug-18,150.84,149.6,149.6,149.6
2-Aug-18,150.08,149.49,149.49,149.49
3-Aug-18,149.71,149.76,149.76,149.76
6-Aug-18,149.77,151.16,151.16,151.16
7-Aug-18,151.15,151.03,151.03,151.03
8-Aug-18,151.04,151.66,151.66,151.66
9-Aug-18,151.65,151.85,151.85,151.85
10-Aug-18,151.85,153.34,153.34,153.34
13-Aug-18,153.17,152.21,152.21,152.21
14-Aug-18,152.55,151.92,151.92,151.92
15-Aug-18,152.13,153.01,153.01,153.01
16-Aug-18,152.85,154.07,154.07,154.07
17-Aug-18,154.31,157.17,157.17,157.17
20-Aug-18,157.01,157.77,157.77,157.77
21-Aug-18,157.8,157.89,157.89,157.89
22-Aug-18,158.21,158.96,158.96,158.96
23-Aug-18,158.69,155.75,155.75,155.75
24-Aug-18,155.76,155.61,155.61,155.61
27-Aug-18,155.6,156.61,156.61,156.61
28-Aug-18,156.91,157.19,157.19,157.19
29-Aug-18,157.2,156.43,156.43,156.43
30-Aug-18,156.62,155.24,155.24,155.24
31-Aug-18,155.07,154.64,154.64,154.64
4-Sep-18,154.21,153.99,153.99,153.99
5-Sep-18,152.83,152.27,152.27,152.27
6-Sep-18,152.03,153.53,153.53,153.53
7-Sep-18,153.57,154.65,154.65,154.65
10-Sep-18,154.62,154.1,154.1,154.1
11-Sep-18,154.14,154.85,154.85,154.85
12-Sep-18,154.88,156.53,156.53,156.53
13-Sep-18,156.57,158.75,158.75,158.75
14-Sep-18,158.82,159.23,159.23,159.23
17-Sep-18,159.25,158.55,158.55,158.55
18-Sep-18,158.53,158.81,158.81,158.81
19-Sep-18,158.81,158.75,158.75,158.75
20-Sep-18,158.76,156.61,156.61,156.61
21-Sep-18,156.77,157.32,157.32,157.32
24-Sep-18,158.87,158.86,158.86,158.86
25-Sep-18,158.56,159.19,159.19,159.19
26-Sep-18,159.28,159.33,159.33,159.33
27-Sep-18,159.34,159.9,159.9,159.9
28-Sep-18,160.02,161.18,161.18,161.18
1-Oct-18,161.12,160.55,160.55,160.55
2-Oct-18,160.56,160.38,160.38,160.38
3-Oct-18,160.32,160.55,160.55,160.55
4-Oct-18,160.59,160.99,160.99,160.99
5-Oct-18,160.98,158.61,158.61,158.61
8-Oct-18,158.58,156.96,156.96,156.96
9-Oct-18,156.93,156.73,156.73,156.73
10-Oct-18,156.33,156.45,156.45,156.45
11-Oct-18,156.46,150.28,150.28,150.28
12-Oct-18,150.29,149.02,149.02,149.02
15-Oct-18,149.55,152.11,152.11,152.11
16-Oct-18,152.05,151.46,151.46,151.46
17-Oct-18,151.74,155.01,155.01,155.01
18-Oct-18,155.01,155.81,155.81,155.81
19-Oct-18,155.9,152.94,152.94,152.94
22-Oct-18,152.95,153.2,153.2,153.2
23-Oct-18,153.2,153.14,153.14,153.14
24-Oct-18,153.04,153.76,153.76,153.76
25-Oct-18,153.76,146.26,146.26,146.26
26-Oct-18,146.27,150.16,150.16,150.16
29-Oct-18,150.09,146.55,146.55,146.55
30-Oct-18,146.77,144.19,144.19,144.19
31-Oct-18,144.19,147.78,147.78,147.78
1-Nov-18,147.86,150.88,150.88,150.88
2-Nov-18,150.84,151.09,151.09,151.09
5-Nov-18,151.12,149.86,149.86,149.86
6-Nov-18,149.88,149.39,149.39,149.39
7-Nov-18,149.42,150.29,150.29,150.29
8-Nov-18,150.3,153.2,153.2,153.2
9-Nov-18,153.2,151.77,151.77,151.77
12-Nov-18,151.6,149.57,149.57,149.57
13-Nov-18,149.58,147.36,147.36,147.36
14-Nov-18,147.36,146.97,146.97,146.97
15-Nov-18,147.22,147.64,147.64,147.64
16-Nov-18,147.66,148.56,148.56,148.56
19-Nov-18,148.48,147.98,147.98,147.98
20-Nov-18,147.98,144.14,144.14,144.14
21-Nov-18,143.74,142.33,142.33,142.33
23-Nov-18,142.64,143.75,143.75,143.75
26-Nov-18,143.52,142.03,142.03,142.03
27-Nov-18,142.32,144.77,144.77,144.77
28-Nov-18,144.68,145.59,145.59,145.59
29-Nov-18,145.59,148.68,148.68,148.68
30-Nov-18,148.54,149.21,149.21,149.21
3-Dec-18,149.21,149.86,149.86,149.86
4-Dec-18,150.05,149.98,149.98,149.98
6-Dec-18,149.99,145.26,145.26,145.26
7-Dec-18,145.26,146.77,146.77,146.77
10-Dec-18,146.67,143.7,143.7,143.7
11-Dec-18,143.7,144.78,144.78,144.78
12-Dec-18,144.78,144.99,144.99,144.99
13-Dec-18,145.04,146.18,146.18,146.18
14-Dec-18,146.24,145.92,145.92,145.92
17-Dec-18,145.86,144.43,144.43,144.43
18-Dec-18,144.33,141.68,141.68,141.68
19-Dec-18,141.69,142.55,142.55,142.55
20-Dec-18,142.55,140.11,140.11,140.11
21-Dec-18,140.1,137.82,137.82,137.82
24-Dec-18,137.73,133.59,133.59,133.59
26-Dec-18,133.57,130.86,130.86,130.86
27-Dec-18,131.14,137.92,137.92,137.92
28-Dec-18,137.91,138.65,138.65,138.65
31-Dec-18,138.67,138.39,138.39,138.39
2-Jan-19,138.35,138.78,138.78,138.78
3-Jan-19,138.72,140.52,140.52,140.52
4-Jan-19,140.42,138.48,138.48,138.48
7-Jan-19,138.53,144.11,144.11,144.11
8-Jan-19,144.12,145.21,145.21,145.21
9-Jan-19,145.37,147.51,147.51,147.51
10-Jan-19,147.1,146.98,146.98,146.98
11-Jan-19,146.98,147.27,147.27,147.27
14-Jan-19,147.21,147.07,147.07,147.07
15-Jan-19,147.06,146.47,146.47,146.47
16-Jan-19,146.58,149.02,149.02,149.02
17-Jan-19,149.1,148.42,148.42,148.42
18-Jan-19,148.38,148.98,148.98,148.98
22-Jan-19,149.21,149.76,149.76,149.76
23-Jan-19,149.76,146.83,146.83,146.83
24-Jan-19,146.83,147.19,147.19,147.19
25-Jan-19,147.19,147.23,147.23,147.23
28-Jan-19,147.23,148.72,148.72,148.72
29-Jan-19,148.68,147.02,147.02,147.02
30-Jan-19,147.01,145.46,145.46,145.46
31-Jan-19,145.47,147.25,147.25,147.25
1-Feb-19,147.26,152.75,152.75,152.75
4-Feb-19,152.75,152.23,152.23,152.23
5-Feb-19,152.24,153.68,153.68,153.68
6-Feb-19,153.52,155.08,155.08,155.08
7-Feb-19,154.96,152.77,152.77,152.77
8-Feb-19,152.78,151.2,151.2,151.2
11-Feb-19,150.99,151.73,151.73,151.73
12-Feb-19,151.72,150.78,150.78,150.78
13-Feb-19,150.96,152.5,152.5,152.5
14-Feb-19,152.48,152.34,152.34,152.34
15-Feb-19,152.32,152.67,152.67,152.67
19-Feb-19,152.67,153.28,153.28,153.28
20-Feb-19,153.28,153.75,153.75,153.75
21-Feb-19,153.76,153.65,153.65,153.65
22-Feb-19,153.65,152.68,152.68,152.68
25-Feb-19,152.77,154.28,154.28,154.28
26-Feb-19,154.29,154.41,154.41,154.41
27-Feb-19,154.34,154.61,154.61,154.61
28-Feb-19,154.6,154.01,154.01,154.01
1-Mar-19,154.01,154,154,154
4-Mar-19,154,155.2,155.2,155.2
5-Mar-19,155.2,155.24,155.24,155.24
6-Mar-19,155.24,156.37,156.37,156.37
7-Mar-19,156.37,156.35,156.35,156.35
8-Mar-19,156.36,155.08,155.08,155.08
11-Mar-19,155.06,154.99,154.99,154.99
12-Mar-19,154.97,157.88,157.88,157.88
13-Mar-19,157.89,158.77,158.77,158.77
14-Mar-19,158.78,159.17,159.17,159.17
15-Mar-19,159.17,158.54,158.54,158.54
18-Mar-19,158.58,158.56,158.56,158.56
19-Mar-19,158.49,157.29,157.29,157.29
20-Mar-19,156.27,157.25,157.25,157.25
21-Mar-19,157.25,159.08,159.08,159.08
22-Mar-19,159.08,160.5,160.5,160.5
25-Mar-19,160.36,158.47,158.47,158.47
26-Mar-19,158.41,158.17,158.17,158.17
27-Mar-19,158.29,158.88,158.88,158.88
28-Mar-19,158.87,158.02,158.02,158.02
29-Mar-19,158.02,157.23,157.23,157.23
1-Apr-19,157.37,157.68,157.68,157.68
2-Apr-19,157.73,159.97,159.97,159.97
3-Apr-19,159.93,160.61,160.61,160.61
4-Apr-19,160.66,161.2,161.2,161.2
5-Apr-19,161.21,162.27,162.27,162.27
8-Apr-19,162.42,162.33,162.33,162.33
9-Apr-19,162.32,162.08,162.08,162.08
10-Apr-19,161.66,162.12,162.12,162.12
11-Apr-19,162.14,162.61,162.61,162.61
12-Apr-19,162.61,162.85,162.85,162.85
15-Apr-19,162.85,164.85,164.85,164.85
16-Apr-19,164.85,165.14,165.14,165.14
17-Apr-19,165.13,165.49,165.49,165.49
18-Apr-19,165.61,165.74,165.74,165.74
22-Apr-19,165.81,165.97,165.97,165.97
23-Apr-19,165.97,167.17,167.17,167.17
24-Apr-19,167.34,168.6,168.6,168.6
25-Apr-19,168.71,167.34,167.34,167.34
26-Apr-19,167.34,169.15,169.15,169.15
29-Apr-19,168.95,170.44,170.44,170.44
30-Apr-19,170.47,171.89,171.89,171.89
1-May-19,171.8,167.49,167.49,167.49
2-May-19,167.46,166.37,166.37,166.37
3-May-19,166.37,165.53,165.53,165.53
6-May-19,165.82,167.45,167.45,167.45
7-May-19,167.1,167.14,167.14,167.14
8-May-19,166.95,164.87,164.87,164.87
9-May-19,164.84,164.28,164.28,164.28
10-May-19,164.28,163.98,163.98,163.98
13-May-19,163.92,164.33,164.33,164.33
14-May-19,164.08,160.19,160.19,160.19
15-May-19,160.21,160.58,160.58,160.58
16-May-19,160.57,163.97,163.97,163.97
17-May-19,163.99,165.55,165.55,165.55
20-May-19,165.46,164.76,164.76,164.76
21-May-19,164.67,162.83,162.83,162.83
22-May-19,162.83,164.39,164.39,164.39
23-May-19,164.37,164.44,164.44,164.44
24-May-19,164.41,162.37,162.37,162.37
28-May-19,162.52,162.38,162.38,162.38
29-May-19,162.43,162.65,162.65,162.65
30-May-19,162.65,160.85,160.85,160.85
31-May-19,160.85,160.81,160.81,160.81
3-Jun-19,160.36,157.52,157.52,157.52
4-Jun-19,157.52,153.13,153.13,153.13
5-Jun-19,153.37,155.8,155.8,155.8
6-Jun-19,155.8,155.99,155.99,155.99
7-Jun-19,155.99,156.67,156.67,156.67
10-Jun-19,156.79,158.98,158.98,158.98
11-Jun-19,159.06,158.75,158.75,158.75
12-Jun-19,159.03,159.21,159.21,159.21
13-Jun-19,159.21,158.76,158.76,158.76
14-Jun-19,158.75,160.57,160.57,160.57
17-Jun-19,160.52,161.19,161.19,161.19
18-Jun-19,161.19,162.9,162.9,162.9
19-Jun-19,162.92,163.57,163.57,163.57
20-Jun-19,163.58,163.87,163.87,163.87
21-Jun-19,163.9,164.91,164.91,164.91
24-Jun-19,164.9,165.57,165.57,165.57
25-Jun-19,165.5,165.75,165.75,165.75
26-Jun-19,165.7,163.1,163.1,163.1
27-Jun-19,163.14,162.26,162.26,162.26
28-Jun-19,162.28,162.96,162.96,162.96
1-Jul-19,162.99,164.23,164.23,164.23
2-Jul-19,164.26,165.46,165.46,165.46
3-Jul-19,165.4,167.22,167.22,167.22
5-Jul-19,167.25,168.41,168.41,168.41
8-Jul-19,168.25,168.73,168.73,168.73
9-Jul-19,168.71,167.22,167.22,167.22
10-Jul-19,166.9,167.69,167.69,167.69
11-Jul-19,167.75,169.81,169.81,169.81
12-Jul-19,169.81,169.66,169.66,169.66
15-Jul-19,169.68,170.73,170.73,170.73
16-Jul-19,170.73,170.84,170.84,170.84
17-Jul-19,170.84,170.73,170.73,170.73
18-Jul-19,170.77,169.22,169.22,169.22
19-Jul-19,169.22,167.72,167.72,167.72
22-Jul-19,167.68,165.51,165.51,165.51
23-Jul-19,165.52,165.77,165.77,165.77
24-Jul-19,165.86,166.27,166.27,166.27
25-Jul-19,166.36,167.74,167.74,167.74
26-Jul-19,167.72,167.61,167.61,167.61
29-Jul-19,167.53,173.05,173.05,173.05
30-Jul-19,173.05,172.23,172.23,172.23
31-Jul-19,172.21,171.08,171.08,171.08
1-Aug-19,171.04,169.18,169.18,169.18
2-Aug-19,169.18,168.35,168.35,168.35
5-Aug-19,168.34,167.01,167.01,167.01
6-Aug-19,166.53,162.14,162.14,162.14
7-Aug-19,162.15,164.33,164.33,164.33
8-Aug-19,164.06,163.64,163.64,163.64
9-Aug-19,163.65,167.28,167.28,167.28
12-Aug-19,167.21,165.94,165.94,165.94
13-Aug-19,165.78,164.26,164.26,164.32
14-Aug-19,164.31,166.78,166.78,166.78
15-Aug-19,166.78,161.67,161.67,161.67
16-Aug-19,161.86,162.44,162.44,162.44
19-Aug-19,162.66,164.35,164.35,164.35
20-Aug-19,164.36,166.64,166.64,166.64
21-Aug-19,166.64,164.99,164.99,164.99
22-Aug-19,164.98,165.64,165.64,165.64
23-Aug-19,165.64,165.36,165.36,165.36
26-Aug-19,165.3,161.06,161.06,161.06
27-Aug-19,161.08,163.52,163.52,163.52
28-Aug-19,163.76,163.68,163.68,163.68
29-Aug-19,163.68,164.51,164.51,164.51
30-Aug-19,164.53,166.71,166.71,166.71
3-Sep-19,166.72,166.58,166.58,166.58
4-Sep-19,166.56,164.87,164.87,164.87
5-Sep-19,164.87,167.52,167.52,167.52
6-Sep-19,167.73,170.2,170.2,170.2
9-Sep-19,170.15,169.82,169.82,169.82
10-Sep-19,169.81,170.2,170.2,170.2
11-Sep-19,170.19,170.15,170.15,170.15
12-Sep-19,170.15,171.76,171.76,171.76
13-Sep-19,171.84,172.39,172.39,172.39
16-Sep-19,172.39,172.31,172.31,172.31
17-Sep-19,172.13,170.99,170.99,170.99
18-Sep-19,170.95,171.49,171.49,171.49
19-Sep-19,171.49,171.35,171.35,171.35
20-Sep-19,171.34,171.45,171.45,171.45
23-Sep-19,171.45,170.66,170.66,170.66
24-Sep-19,170.66,169.98,169.98,169.98
25-Sep-19,170.1,167.7,167.7,167.7
26-Sep-19,167.72,169.58,169.58,169.58
27-Sep-19,169.5,168.23,168.23,168.23
30-Sep-19,168.26,166.67,166.67,166.67
1-Oct-19,166.79,167.26,167.26,167.26
2-Oct-19,167.19,165.56,165.56,165.56
3-Oct-19,165.56,163.32,163.32,163.32
4-Oct-19,163.42,164.67,164.67,164.67
7-Oct-19,164.75,166.98,166.98,166.98
8-Oct-19,166.98,167.05,167.05,167.05
9-Oct-19,166.82,164.85,164.85,164.85
10-Oct-19,164.44,165.47,165.47,165.47
11-Oct-19,165.47,166.53,166.53,166.53
14-Oct-19,166.8,168.26,168.26,168.26
15-Oct-19,168.29,167.92,167.92,167.92
16-Oct-19,168,170.64,170.64,170.64
17-Oct-19,170.59,170.89,170.89,170.89
18-Oct-19,170.91,171.98,171.98,171.98
21-Oct-19,171.87,170.48,170.48,170.48
22-Oct-19,170.6,171.19,171.19,171.19
23-Oct-19,171.22,169.65,169.65,169.65
24-Oct-19,169.65,170.73,170.73,170.73
25-Oct-19,170.73,169.48,169.48,169.48
28-Oct-19,169.3,170.68,170.68,170.68
29-Oct-19,170.57,172.68,172.68,172.68
30-Oct-19,172.65,171.03,171.03,171.03
31-Oct-19,171.02,171.36,171.36,171.36
1-Nov-19,171.36,171.82,171.82,171.82
4-Nov-19,171.95,173.25,173.25,173.25
5-Nov-19,173.3,173.95,173.95,173.95
6-Nov-19,174.06,173.83,173.83,173.83
7-Nov-19,173.83,173.48,173.48,173.48
8-Nov-19,173.56,174.64,174.64,174.64
11-Nov-19,174.64,175.28,175.28,175.28
12-Nov-19,175.28,174.59,174.59,174.59
13-Nov-19,174.63,175.11,175.11,175.11
14-Nov-19,175.11,175.85,175.85,175.85
15-Nov-19,175.82,176.38,176.38,176.38
18-Nov-19,176.38,177.63,177.63,177.63
19-Nov-19,177.62,178.12,178.12,178.12
20-Nov-19,178.13,177.66,177.66,177.66
21-Nov-19,177.53,176.25,176.25,176.25
22-Nov-19,176.24,176.69,176.69,176.69
25-Nov-19,176.7,176.92,176.92,176.92
26-Nov-19,176.92,177.13,177.13,177.13
27-Nov-19,177.19,177.77,177.77,177.77
29-Nov-19,177.77,178.89,178.89,178.89
2-Dec-19,178.76,178.24,178.24,178.24
3-Dec-19,178.23,176.69,176.69,176.69
4-Dec-19,176.47,176.54,176.54,176.54
5-Dec-19,176.54,177.67,177.67,177.67
6-Dec-19,177.84,178.36,178.36,178.36
9-Dec-19,178.41,179.48,179.48,179.48
10-Dec-19,179.52,178.96,178.96,178.96
11-Dec-19,179.01,178.32,178.32,178.32
12-Dec-19,178.43,178.86,178.86,178.86
13-Dec-19,178.87,178.85,178.85,178.85
16-Dec-19,178.72,178.27,178.27,178.27
17-Dec-19,178.27,180.12,180.12,180.12
18-Dec-19,180.12,180.14,180.14,180.14
19-Dec-19,180.19,180.67,180.67,180.67
20-Dec-19,180.65,182.1,182.1,182.1
23-Dec-19,182.1,182.8,182.8,182.8
24-Dec-19,182.93,182.18,182.18,182.18
26-Dec-19,182.18,181.94,181.94,181.94
27-Dec-19,182,183.42,183.42,183.42
30-Dec-19,183.41,183.16,183.16,183.16
31-Dec-19,183.16,181.28,181.28,181.28
2-Jan-20,181.19,181.64,181.64,181.64
3-Jan-20,181.75,184.03,184.03,184.03
6-Jan-20,183.87,183.01,183.01,183.01
7-Jan-20,183.01,185.24,185.24,185.24
8-Jan-20,185.2,185.17,185.17,185.17
9-Jan-20,185.17,186.44,186.44,186.44
10-Jan-20,186.03,186.92,186.92,186.92
13-Jan-20,187.08,186.63,186.63,186.63
14-Jan-20,186.76,188.08,188.08,188.08
15-Jan-20,188.07,187.52,187.52,187.52
16-Jan-20,187.52,188.15,188.15,188.15
17-Jan-20,188.37,189.4,189.4,189.4
21-Jan-20,189.62,191.1,191.1,191.1
22-Jan-20,191.09,191.01,191.01,191.01
23-Jan-20,191.03,191.12,191.12,191.12
24-Jan-20,190.85,190.47,190.47,190.47
27-Jan-20,190.47,188.48,188.48,188.48
28-Jan-20,188.48,185.29,185.29,185.29
29-Jan-20,185.29,187.48,187.48,187.48
30-Jan-20,187.5,186.67,186.67,186.67
31-Jan-20,186.3,185.19,185.19,185.19
3-Feb-20,185.32,182.84,182.84,182.84
4-Feb-20,182.9,185.16,185.16,185.16
5-Feb-20,185.24,186.46,186.46,186.46
6-Feb-20,186.81,186.55,186.55,186.55
7-Feb-20,186.56,188.68,188.68,188.68
10-Feb-20,188.68,188.88,188.88,188.88
11-Feb-20,188.85,190.46,190.46,190.46
12-Feb-20,190.47,189.29,189.29,189.29
13-Feb-20,189.4,191.03,191.03,191.03
14-Feb-20,191.03,191.31,191.31,191.31
18-Feb-20,191.31,191.5,191.5,191.5
19-Feb-20,191.49,192.26,192.26,192.26
20-Feb-20,192.37,192.97,192.97,192.97
21-Feb-20,192.84,191.8,191.8,191.8
24-Feb-20,191.79,189.12,189.12,189.12
25-Feb-20,189.07,182.85,182.85,182.85
26-Feb-20,182.83,178.45,178.45,178.45
27-Feb-20,178.51,178.08,178.08,178.08
28-Feb-20,178.07,170.87,170.87,170.87
2-Mar-20,170.78,171.25,171.25,171.25
3-Mar-20,171.26,177.39,177.39,177.39
4-Mar-20,177.61,171.49,171.49,171.49
5-Mar-20,171.52,177.63,177.63,177.63
6-Mar-20,177.62,171.06,171.06,171.06
9-Mar-20,171.03,168.93,168.93,168.93
10-Mar-20,168.8,158.44,158.44,158.44
11-Mar-20,158.45,165.62,165.62,165.62
12-Mar-20,165.6,158.45,158.45,158.45
13-Mar-20,158.35,144.33,144.33,144.33
16-Mar-20,145.56,157.61,157.61,157.61
17-Mar-20,143.96,141.15,141.15,141.15
18-Mar-20,141.15,146.78,146.78,146.78
19-Mar-20,146.78,142.65,142.65,142.65
20-Mar-20,142.65,145.02,145.02,145.02
23-Mar-20,145.02,138.3,138.3,138.3
24-Mar-20,138.3,137.76,137.76,137.76
25-Mar-20,137.76,145.77,145.77,145.77
26-Mar-20,145.77,143.46,143.46,143.46
27-Mar-20,143.46,152.14,152.14,152.14
30-Mar-20,152.14,145.91,145.91,145.91
31-Mar-20,145.91,151.13,151.13,151.13
1-Apr-20,151.13,150.35,150.35,150.35
2-Apr-20,150.35,144.44,144.44,144.44
3-Apr-20,144.44,147.07,147.07,147.07
6-Apr-20,147.07,143.84,143.84,143.84
7-Apr-20,143.84,153.48,153.48,153.48
8-Apr-20,153.48,154.51,154.51,154.51
9-Apr-20,154.51,157.06,157.06,157.06
13-Apr-20,157.06,158.14,158.14,158.14
14-Apr-20,158.14,158.29,158.29,158.29
15-Apr-20,158.29,163.41,163.41,163.41
16-Apr-20,163.41,161.7,161.7,161.7
17-Apr-20,161.7,162.39,162.39,162.39
20-Apr-20,162.39,164.69,164.69,164.69
21-Apr-20,164.69,163.18,163.18,163.18
22-Apr-20,163.18,157.99,157.99,157.99
23-Apr-20,157.99,161.76,161.76,161.76
24-Apr-20,161.76,162.91,162.91,162.91
27-Apr-20,162.91,164.63,164.63,164.63
28-Apr-20,164.63,165.55,165.55,165.55
29-Apr-20,165.55,162.42,162.42,162.42
30-Apr-20,162.42,170.62,170.62,170.62
1-May-20,170.62,170.66,170.66,170.66
4-May-20,170.66,167.99,167.99,167.99
5-May-20,167.99,168.53,168.53,168.53
6-May-20,168.53,169.57,169.57,169.57
7-May-20,169.57,168.89,168.89,168.89
8-May-20,168.89,171.53,171.53,171.53
11-May-20,171.53,174.23,174.23,174.23
12-May-20,174.23,174.47,174.47,174.47
13-May-20,174.47,171.09,171.09,171.09
14-May-20,171.09,168.32,168.32,168.32
15-May-20,168.32,170.01,170.01,170.01
18-May-20,170.01,172.15,172.15,172.15
19-May-20,172.15,175.85,175.85,175.85
20-May-20,175.85,175.13,175.13,175.13
21-May-20,175.13,179.85,179.85,179.85
22-May-20,179.85,179.04,179.04,179.04
26-May-20,179.04,179.85,179.85,179.85
27-May-20,179.85,180.36,180.36,180.36
28-May-20,180.36,181.35,181.35,181.35
29-May-20,181.35,179.62,179.62,179.62
1-Jun-20,179.62,180.89,180.89,180.89
2-Jun-20,180.89,182.34,182.34,182.34
3-Jun-20,182.34,183.23,183.23,183.23
4-Jun-20,183.23,183.62,183.62,183.62
5-Jun-20,183.62,182.14,182.14,182.14
8-Jun-20,182.14,185.2,185.2,185.2
9-Jun-20,185.2,187.28,187.28,187.28
10-Jun-20,187.28,187.61,187.61,187.61
11-Jun-20,187.61,187.13,187.13,187.13
12-Jun-20,187.13,178.44,178.44,178.44
15-Jun-20,178.44,180.02,180.02,180.02
16-Jun-20,180.02,181.82,181.82,181.82
17-Jun-20,181.82,184.03,184.03,184.03
18-Jun-20,184.03,184.17,184.17,184.17
19-Jun-20,184.17,184.15,184.15,184.15
22-Jun-20,184.27,183.56,183.56,183.56
23-Jun-20,183.55,184.51,184.51,184.51
24-Jun-20,184.6,185.65,185.65,185.65
25-Jun-20,185.64,181.1,181.1,181.1
26-Jun-20,181.09,182.14,182.14,182.14
29-Jun-20,182.13,173.97,173.97,173.97
30-Jun-20,173.95,177.53,177.53,177.53
1-Jul-20,177.53,179.88,179.88,179.88
2-Jul-20,179.88,183.9,183.9,183.9
6-Jul-20,183.9,183.78,183.78,183.78
7-Jul-20,183.78,187.73,187.73,187.73
8-Jul-20,187.73,187.03,187.03,187.03
9-Jul-20,187.03,188.77,188.77,188.77
10-Jul-20,188.77,188.7,188.7,188.7
13-Jul-20,188.7,192.39,192.39,192.39
14-Jul-20,192.39,188.61,188.61,188.61
15-Jul-20,188.61,190.31,190.31,190.31
16-Jul-20,190.3,190.86,190.86,190.86
17-Jul-20,190.85,191.43,191.43,191.43
20-Jul-20,191.42,190.61,190.61,190.61
21-Jul-20,190.61,192.99,192.99,192.99
22-Jul-20,193.03,192.2,192.2,192.2
23-Jul-20,192.21,192.28,192.28,192.28
24-Jul-20,192.3,188.54,188.54,188.54
27-Jul-20,188.54,188.43,188.43,188.43
28-Jul-20,188.55,189.9,189.9,189.9
29-Jul-20,189.88,188.15,188.15,188.15
30-Jul-20,188.26,189.62,189.62,189.62
31-Jul-20,189.82,190.22,190.22,190.22
3-Aug-20,190.29,191.69,191.69,191.69
4-Aug-20,191.69,191.64,191.64,191.64
5-Aug-20,191.74,192.29,192.29,192.29
6-Aug-20,192.2,192.76,192.76,192.76
7-Aug-20,192.79,197.49,197.49,197.49
10-Aug-20,197.47,197.39,197.39,197.39
11-Aug-20,197.39,196.49,196.49,196.49
12-Aug-20,196.43,193.93,193.93,193.93
13-Aug-20,194.06,196.35,196.35,196.35
14-Aug-20,196.38,197.09,197.09,197.09
17-Aug-20,197.13,196.89,196.89,196.89
18-Aug-20,197.09,197.08,197.08,197.08
19-Aug-20,197.08,199.24,199.24,199.23
20-Aug-20,199.24,198.34,198.34,198.34
21-Aug-20,198.32,201.06,201.06,201.06
24-Aug-20,201.06,200.3,200.3,200.3
25-Aug-20,200.62,202.42,202.42,202.42
26-Aug-20,202.42,204.38,204.38,204.38
27-Aug-20,204.38,211.97,211.97,211.97
28-Aug-20,211.97,209.23,209.23,209.23
31-Aug-20,209.23,209.9,209.9,209.9
1-Sep-20,209.9,209.04,209.04,209.04
2-Sep-20,209.04,211.21,211.21,211.21
3-Sep-20,211.21,215.83,215.83,215.83
4-Sep-20,215.83,208.61,208.61,208.61
8-Sep-20,208.61,204.6,204.6,204.6
9-Sep-20,204.6,199.68,199.68,199.68
10-Sep-20,199.68,201.51,201.51,201.51
11-Sep-20,201.51,198.34,198.34,198.34
14-Sep-20,198.34,197.76,197.76,197.76
15-Sep-20,197.76,198.02,198.02,198.02
16-Sep-20,198.02,201.42,201.42,201.42
17-Sep-20,201.42,198.99,198.99,198.99
18-Sep-20,198.99,195.34,195.34,195.34
21-Sep-20,195.34,193.19,193.19,193.19
22-Sep-20,193.19,190.89,190.89,190.89
23-Sep-20,190.89,194.47,194.47,194.47
24-Sep-20,194.47,189.25,189.25,189.25
25-Sep-20,189.25,190,190,190
28-Sep-20,190,192.42,192.42,192.42
29-Sep-20,192.42,194.71,194.71,194.71
30-Sep-20,194.71,195.26,195.26,195.26
1-Oct-20,195.26,195.49,195.49,195.49
2-Oct-20,195.49,198.17,198.17,198.17
5-Oct-20,198.17,194.22,194.22,194.22
6-Oct-20,194.22,197.38,197.38,197.38
7-Oct-20,197.38,193.47,193.47,193.47
8-Oct-20,193.47,195.17,195.17,195.17
9-Oct-20,195.17,197.05,197.05,197.05
12-Oct-20,197.05,198.57,198.57,198.57
13-Oct-20,198.57,203.37,203.37,203.37
14-Oct-20,203.37,204.07,204.07,204.07
15-Oct-20,204.07,201.66,201.66,201.66
16-Oct-20,201.66,200.34,200.34,200.34
19-Oct-20,200.34,200.36,200.36,200.36
20-Oct-20,200.36,196.61,196.61,196.61
21-Oct-20,196.61,198.19,198.19,198.19
22-Oct-20,198.19,200.74,200.74,200.74
23-Oct-20,200.74,202.44,202.44,202.44
26-Oct-20,202.44,204.62,204.62,204.62
27-Oct-20,204.62,199.98,199.98,199.98
28-Oct-20,199.98,201.08,201.08,201.08
29-Oct-20,201.08,192.98,192.98,192.98
30-Oct-20,192.98,198.51,198.51,198.51
2-Nov-20,198.51,196.55,196.55,196.55
3-Nov-20,196.55,196.72,196.72,196.72
4-Nov-20,196.72,199.51,199.51,199.51
5-Nov-20,199.51,207.99,207.99,207.99
6-Nov-20,207.99,211.67,211.67,211.67
9-Nov-20,211.67,211.48,211.48,211.48
10-Nov-20,211.48,210.94,210.94,210.94
11-Nov-20,210.94,210.27,210.27,210.27
12-Nov-20,210.27,211.46,211.46,211.46
13-Nov-20,211.46,210.46,210.46,210.46
16-Nov-20,210.46,213.16,213.16,213.16
17-Nov-20,213.16,214.49,214.49,214.49
18-Nov-20,214.49,213.59,213.59,213.59
19-Nov-20,213.59,211.52,211.52,211.52
20-Nov-20,211.52,212.39,212.39,212.39
23-Nov-20,212.39,211.22,211.22,211.22
24-Nov-20,211.22,211.32,211.32,211.32
25-Nov-20,211.32,216.17,216.17,216.17
27-Nov-20,216.17,215.65,215.65,215.65
30-Nov-20,215.65,216.99,216.99,216.99
1-Dec-20,216.99,215.31,215.31,215.31
2-Dec-20,215.31,219.53,219.53,219.53
3-Dec-20,219.53,221.75,221.75,221.75
4-Dec-20,221.75,220.87,220.87,220.87
7-Dec-20,220.87,220.99,220.99,220.99
8-Dec-20,220.99,222.35,222.35,222.35
9-Dec-20,222.35,222.09,222.09,222.09
10-Dec-20,222.09,219.42,219.42,219.42
11-Dec-20,219.42,218.71,218.71,218.71
14-Dec-20,218.71,221.22,221.22,221.22
15-Dec-20,221.22,220,220,220
16-Dec-20,220,221.55,221.55,221.55
17-Dec-20,221.55,221.16,221.16,221.16
18-Dec-20,221.16,220.47,220.47,220.47
21-Dec-20,220.47,220.2,220.2,220.2
22-Dec-20,220.2,218.61,218.61,218.61
23-Dec-20,218.61,216.44,216.44,216.44
24-Dec-20,216.44,217.36,217.36,217.36
28-Dec-20,217.36,217.7,217.7,217.7
29-Dec-20,217.7,221.75,221.75,221.75
30-Dec-20,221.75,221.42,221.42,221.42
31-Dec-20,221.42,219.79,219.79,219.79
4-Jan-21,219.79,221.92,221.92,221.92
5-Jan-21,221.92,218.58,218.58,218.58
6-Jan-21,218.58,219.17,219.17,219.17
7-Jan-21,219.17,217.72,217.72,217.72
8-Jan-21,217.72,220.77,220.77,220.77
11-Jan-21,220.77,221.32,221.32,221.32
12-Jan-21,221.32,217.41,217.41,217.41
13-Jan-21,217.41,214.15,214.15,214.15
14-Jan-21,214.15,214.91,214.91,214.91
15-Jan-21,214.91,213.12,213.12,213.12
19-Jan-21,213.12,213.44,213.44,213.44
20-Jan-21,213.44,217.44,217.44,217.44
21-Jan-21,217.44,225.3,225.3,225.3
22-Jan-21,225.3,225.88,225.88,225.88
25-Jan-21,225.88,226.14,226.14,226.14
26-Jan-21,226.14,226.98,226.98,226.98
27-Jan-21,226.98,228.77,228.77,228.77
28-Jan-21,228.77,220.03,220.03,220.03
29-Jan-21,220.03,222.78,222.78,222.78
1-Feb-21,222.78,218.57,218.57,218.57
2-Feb-21,218.57,222.62,222.62,222.62
3-Feb-21,222.62,226.18,226.18,226.18
4-Feb-21,226.18,230.85,230.85,230.85
5-Feb-21,230.85,232.22,232.22,232.22
8-Feb-21,232.22,234.43,234.43,234.43
9-Feb-21,234.43,235.33,235.33,235.33
10-Feb-21,235.33,235.82,235.82,235.82
11-Feb-21,235.82,237.3,237.3,237.3
12-Feb-21,237.3,237.39,237.39,237.39
16-Feb-21,237.39,237.55,237.55,237.55
17-Feb-21,237.55,238.55,238.55,238.55
18-Feb-21,238.55,239.7,239.7,239.7
19-Feb-21,239.7,237.89,237.89,237.89
22-Feb-21,237.89,235.35,235.35,235.35
23-Feb-21,235.35,234.59,234.59,234.59
24-Feb-21,234.59,237.06,237.06,237.06
25-Feb-21,237.06,238.11,238.11,238.11
26-Feb-21,238.11,232.01,232.01,232.01
1-Mar-21,232.01,232.08,232.08,232.08
2-Mar-21,232.08,237.54,237.54,237.54
3-Mar-21,237.54,235.89,235.89,235.89
4-Mar-21,235.89,232.14,232.14,232.14
5-Mar-21,232.14,232.22,232.22,232.22
8-Mar-21,232.22,237.73,237.73,237.73
9-Mar-21,237.73,234.25,234.25,234.25
10-Mar-21,234.25,236.41,236.41,236.41
11-Mar-21,236.41,237.4,237.4,237.4
12-Mar-21,237.4,241.59,241.59,241.59
15-Mar-21,241.59,239.41,239.41,239.41
16-Mar-21,239.41,240.79,240.79,240.79
17-Mar-21,240.79,243.04,243.04,243.04
18-Mar-21,243.04,243.57,243.57,243.57
19-Mar-21,243.57,238.8,238.8,238.8
22-Mar-21,238.8,240.71,240.71,240.71
23-Mar-21,240.71,242.55,242.55,242.55
24-Mar-21,242.55,241.8,241.8,241.8
25-Mar-21,241.8,237.79,237.79,237.79
26-Mar-21,237.79,237,237,237
29-Mar-21,237,236.19,236.19,236.19
30-Mar-21,236.19,238.61,238.61,238.61
31-Mar-21,238.61,238.32,238.32,238.32
1-Apr-21,238.32,239.28,239.28,239.28
5-Apr-21,239.28,244.2,244.2,244.2
6-Apr-21,244.2,249.75,249.75,249.75
7-Apr-21,249.75,249.92,249.92,249.92
8-Apr-21,249.92,251.73,251.73,251.73
9-Apr-21,251.73,251.53,251.53,251.53
12-Apr-21,251.53,251.95,251.95,251.95
13-Apr-21,251.95,250.43,250.43,250.43
14-Apr-21,250.43,250.65,250.65,250.65
15-Apr-21,250.65,248.49,248.49,248.49
16-Apr-21,248.49,251.65,251.65,251.65
19-Apr-21,251.65,251.93,251.93,251.93
20-Apr-21,251.24,251.24,251.24,251.24
21-Apr-21,251.24,249.95,249.95,249.95
22-Apr-21,249.95,249.25,249.25,249.25
23-Apr-21,249.25,247.6,247.6,247.6
26-Apr-21,247.6,250.35,250.35,250.35
27-Apr-21,250.35,251.01,251.01,251.01
28-Apr-21,251.01,249.88,249.88,249.88
29-Apr-21,249.88,252.91,252.91,252.91
30-Apr-21,252.91,259.87,259.87,259.87
3-May-21,259.87,257.55,257.55,257.55
4-May-21,257.55,256.55,256.55,256.55
5-May-21,256.55,254.16,254.16,254.16
6-May-21,254.16,253.48,253.48,253.48
7-May-21,253.48,256.27,256.27,256.27
10-May-21,256.27,257.83,257.83,257.83
11-May-21,257.83,252.91,252.91,252.91
12-May-21,252.91,251.56,251.56,251.56
13-May-21,251.56,246.46,246.46,246.46
14-May-21,246.46,248.59,248.59,248.59
17-May-21,248.59,252.8,252.8,252.8
18-May-21,252.8,250.58,250.58,250.58
19-May-21,250.58,247.5,247.5,247.5
20-May-21,247.5,247.74,247.74,247.74
21-May-21,247.74,251.89,251.89,251.89
24-May-21,251.89,251.18,251.18,251.18
25-May-21,251.18,255.81,255.81,255.81
26-May-21,255.81,256.11,256.11,256.11
27-May-21,256.11,257.61,257.61,257.61
28-May-21,257.61,258.18,258.18,258.18
1-Jun-21,258.18,257.37,257.37,257.37
2-Jun-21,257.37,257.89,257.89,257.89
3-Jun-21,257.89,257.21,257.21,257.21
4-Jun-21,257.21,255.33,255.33,255.33
7-Jun-21,255.33,258.81,258.81,258.81
8-Jun-21,258.81,260.04,260.04,260.04
9-Jun-21,260.04,259.45,259.45,259.45
10-Jun-21,259.45,259.06,259.06,259.06
11-Jun-21,259.06,260.92,260.92,260.92
14-Jun-21,260.92,260.93,260.93,260.93
15-Jun-21,260.93,262.87,262.87,262.87
16-Jun-21,262.87,261.58,261.58,261.58
17-Jun-21,261.58,259.57,259.57,259.57
18-Jun-21,259.57,261.06,261.06,261.06
21-Jun-21,261.06,258.06,258.06,258.06
22-Jun-21,258.06,260.39,260.39,260.39
23-Jun-21,260.39,262.36,262.36,262.36
24-Jun-21,262.36,261.82,261.82,261.82
25-Jun-21,261.82,263.93,263.93,263.93
28-Jun-21,263.93,264.16,264.16,264.16
29-Jun-21,264.16,266.34,266.34,266.34
30-Jun-21,266.34,264.95,264.95,264.95
1-Jul-21,264.95,264.35,264.35,264.35
2-Jul-21,264.35,266.68,266.68,266.68
6-Jul-21,266.68,269.14,269.14,269.14
7-Jul-21,269.14,268.9,268.9,268.9
8-Jul-21,268.9,268.62,268.62,268.62
9-Jul-21,268.62,265.81,265.81,265.81
12-Jul-21,265.81,267.97,267.97,267.97
13-Jul-21,267.97,270.38,270.38,270.38
14-Jul-21,270.38,270.09,270.09,270.09
15-Jul-21,270.09,270.28,270.28,270.28
16-Jul-21,270.28,268.83,268.83,268.83
19-Jul-21,268.83,267.3,267.3,267.3
20-Jul-21,267.3,262.89,262.89,262.89
21-Jul-21,262.89,265.79,265.79,265.79
22-Jul-21,265.79,267.74,267.74,267.74
23-Jul-21,267.74,268.83,268.83,268.83
26-Jul-21,268.83,275.96,275.96,275.96
27-Jul-21,275.96,277.91,277.91,277.91
28-Jul-21,277.91,274.97,274.97,274.97
29-Jul-21,274.97,277.04,277.04,277.04
30-Jul-21,277.04,274.51,274.51,274.51
2-Aug-21,274.51,273.3,273.3,273.3
3-Aug-21,273.3,272.78,272.78,272.78
4-Aug-21,272.78,272.27,272.27,272.27
5-Aug-21,272.27,272.91,272.91,272.91
6-Aug-21,272.91,275.39,275.39,275.39
9-Aug-21,275.39,275.34,275.34,275.34
10-Aug-21,275.34,275.44,275.44,275.44
11-Aug-21,275.44,275.68,275.68,275.68
12-Aug-21,275.68,275.75,275.75,275.75
13-Aug-21,275.75,276.72,276.72,276.72
16-Aug-21,276.72,277.4,277.4,277.4
17-Aug-21,277.4,278.08,278.08,278.08
18-Aug-21,278.08,275.32,275.32,275.32
19-Aug-21,275.32,273.35,273.35,273.35
20-Aug-21,273.35,273.7,273.7,273.7
23-Aug-21,273.7,276.32,276.32,276.32
24-Aug-21,276.32,279.83,279.83,279.83
25-Aug-21,279.83,280.99,280.99,280.99
26-Aug-21,280.99,281.63,281.63,281.63
27-Aug-21,281.63,279.58,279.58,279.58
30-Aug-21,279.58,284.06,284.06,284.06
31-Aug-21,284.06,286.17,286.17,286.17
1-Sep-21,286.17,286.95,286.95,286.95
2-Sep-21,286.95,288.46,288.46,288.46
3-Sep-21,288.46,286.45,286.45,286.45
7-Sep-21,286.45,286.77,286.77,286.77
8-Sep-21,286.77,288.06,288.06,288.06
9-Sep-21,288.06,286.82,286.82,286.82
10-Sep-21,286.82,285.88,285.88,285.88
13-Sep-21,285.88,283.32,283.32,283.32
14-Sep-21,283.32,284.47,284.47,284.47
15-Sep-21,284.47,281.96,281.96,281.96
16-Sep-21,281.96,284,284,284
17-Sep-21,284,283.41,283.41,283.41
20-Sep-21,283.41,279.82,279.82,279.82
21-Sep-21,279.82,274.63,274.63,274.63
22-Sep-21,274.63,273.71,273.71,273.71
23-Sep-21,273.71,273.68,273.68,273.68
24-Sep-21,273.68,275.91,275.91,275.91
27-Sep-21,275.91,277.81,277.81,277.81
28-Sep-21,277.81,277.51,277.51,277.51
29-Sep-21,277.51,269.75,269.75,269.75
30-Sep-21,269.75,269.18,269.18,269.18
1-Oct-21,269.18,268.04,268.04,268.04
4-Oct-21,268.04,272.81,272.81,272.81
5-Oct-21,272.81,267.05,267.05,267.05
6-Oct-21,267.05,271.3,271.3,271.3
7-Oct-21,271.3,272.55,272.55,272.55
8-Oct-21,272.55,273.41,273.41,273.41
11-Oct-21,273.41,272.45,272.45,272.45
12-Oct-21,272.45,268.5,268.5,268.5
13-Oct-21,268.5,265.69,265.69,265.69
14-Oct-21,265.69,267,267,267
15-Oct-21,267,271.59,271.59,271.59
18-Oct-21,271.59,271.29,271.29,271.29
19-Oct-21,271.29,273.22,273.22,273.22
20-Oct-21,273.22,275.41,275.41,275.41
21-Oct-21,275.41,274.93,274.93,274.93
22-Oct-21,274.93,275.92,275.92,275.92
25-Oct-21,275.92,269.62,269.62,269.62
26-Oct-21,269.62,270.71,270.71,270.71
27-Oct-21,270.71,269.41,269.41,269.41
28-Oct-21,269.41,271.98,271.98,271.98
29-Oct-21,271.98,272.86,272.86,272.86
1-Nov-21,272.86,275.13,275.13,275.13
2-Nov-21,275.13,273.31,273.31,273.31
3-Nov-21,273.31,274.18,274.18,274.18
4-Nov-21,274.18,275.92,275.92,275.92
5-Nov-21,275.92,276.98,276.98,276.98
8-Nov-21,276.98,279.05,279.05,279.05
9-Nov-21,279.05,278.6,278.6,278.6
10-Nov-21,278.6,277.87,277.87,277.87
11-Nov-21,277.87,274.39,274.39,274.39
12-Nov-21,274.39,273.1,273.1,273.1
15-Nov-21,273.1,277.7,277.7,277.7
16-Nov-21,277.7,278.22,278.22,278.22
17-Nov-21,278.22,276.81,276.81,276.81
18-Nov-21,276.81,276.31,276.31,276.31
19-Nov-21,276.31,275.72,275.72,275.72
22-Nov-21,275.72,274.93,274.93,274.93
23-Nov-21,274.93,271.53,271.53,271.53
24-Nov-21,271.53,270.45,270.45,270.45
25-Nov-21,270.45,271.02,271.02,271.02
26-Nov-21,271.02,265.98,265.98,265.98
29-Nov-21,265.98,268.96,268.96,268.96
30-Nov-21,268.96,260.9,260.9,260.9
1-Dec-21,260.9,255.73,255.73,255.73
2-Dec-21,255.73,259.86,259.86,259.86
3-Dec-21,259.86,258.65,258.65,258.65
6-Dec-21,258.65,262.45,262.45,262.45
7-Dec-21,262.45,265.87,265.87,265.87
8-Dec-21,265.87,267.86,267.86,267.86
9-Dec-21,267.86,265.8,265.8,265.8
10-Dec-21,265.8,266.26,266.26,266.26
13-Dec-21,266.26,264.32,264.32,264.32
14-Dec-21,264.32,262.95,262.95,262.95
15-Dec-21,262.95,266.27,266.27,266.27
16-Dec-21,266.27,264.73,264.73,264.73
17-Dec-21,264.73,262.92,262.92,262.92
20-Dec-21,262.92,261.28,261.28,261.28
21-Dec-21,261.28,265.69,265.69,265.69
22-Dec-21,265.69,267.76,267.76,267.76
23-Dec-21,267.76,269.61,269.61,269.61
27-Dec-21,269.61,272.06,272.06,272.06
28-Dec-21,272.06,271.28,271.28,271.28
29-Dec-21,271.28,270.45,270.45,270.45
30-Dec-21,270.45,270.76,270.76,270.76
31-Dec-21,270.76,267.48,267.48,267.48
