Date,Price,Open,High,Low,Vol.,Change %
3-Jan-17,815.1,808,819,808,-,0.89%
4-Jan-17,818,815.1,819.6,815.1,-,0.35%
5-Jan-17,819.8,818,822.2,816.6,-,0.22%
6-Jan-17,827.6,819.8,829.5,818.3,-,0.96%
9-Jan-17,829.2,827.6,831.6,827.6,-,0.19%
10-Jan-17,828.6,829.2,832.2,826.7,-,-0.07%
11-Jan-17,834,828.6,834,827.4,-,0.66%
12-Jan-17,831.8,834,834,823.1,-,-0.27%
13-Jan-17,834,831.8,835.5,831.8,-,0.27%
17-Jan-17,831,834,834,828.5,-,-0.36%
18-Jan-17,833.8,831,834.5,830.4,-,0.33%
19-Jan-17,831.7,833.8,836.5,830.5,-,-0.25%
20-Jan-17,836,831.7,838.1,831.7,-,0.52%
23-Jan-17,836.5,836,837.8,831.4,-,0.06%
24-Jan-17,845.1,836.5,846.6,836.5,-,1.03%
25-Jan-17,854.2,845.1,854.4,845.1,-,1.07%
26-Jan-17,852.4,854.2,855.5,849.6,-,-0.21%
27-Jan-17,855.2,852.4,856.5,852.4,-,0.33%
30-Jan-17,848.2,855.2,855.2,843.3,-,-0.82%
31-Jan-17,843,847.6,847.6,838.8,-,-0.61%
1-Feb-17,849.3,843,851.8,843,-,0.75%
2-Feb-17,849.6,849.3,851.3,844.3,-,0.02%
3-Feb-17,855.3,849.6,856.2,849.6,-,0.68%
6-Feb-17,856.5,855.3,856.5,852.2,-,0.14%
7-Feb-17,860.1,856.5,861.9,856.5,-,0.41%
8-Feb-17,861.5,860.1,863,857.4,-,0.17%
9-Feb-17,864,861.5,865.8,861.1,-,0.29%
10-Feb-17,865.9,864,867.6,863.3,-,0.22%
13-Feb-17,871.5,865.9,872.7,865.9,-,0.65%
14-Feb-17,874,871.5,874,867.6,-,0.28%
15-Feb-17,877.4,874,877.9,873,-,0.40%
16-Feb-17,879.3,877.4,881.6,877,-,0.21%
17-Feb-17,881.5,879.3,881.5,876.7,-,0.25%
21-Feb-17,886.1,881.5,886.3,881.5,-,0.52%
22-Feb-17,887.5,886.1,887.6,883.1,-,0.16%
23-Feb-17,886.5,887.5,888.7,882.3,-,-0.11%
24-Feb-17,888.3,886.5,888.3,879.6,-,0.20%
27-Feb-17,887.7,888.3,888.3,884.8,-,-0.07%
28-Feb-17,884,887.4,887.4,882.3,-,-0.41%
1-Mar-17,897.1,884,898.2,884,-,1.48%
2-Mar-17,891.1,897.1,897.1,890,-,-0.67%
3-Mar-17,892.7,891.1,892.7,888.2,-,0.19%
6-Mar-17,891.3,892.7,892.8,887.5,-,-0.16%
7-Mar-17,892.6,891.3,895.5,890.4,-,0.15%
8-Mar-17,893.5,892.6,896.3,892.2,-,0.10%
9-Mar-17,893,893.5,894.2,888.4,-,-0.06%
10-Mar-17,897.6,893,899.5,893,-,0.52%
13-Mar-17,898.6,897.6,899.4,896.8,-,0.12%
14-Mar-17,896.3,898.6,898.6,892.7,-,-0.25%
15-Mar-17,901.7,896.3,903.4,894.6,-,0.60%
16-Mar-17,903.8,901.7,906,901.7,-,0.23%
17-Mar-17,904.4,903.8,907.5,903.8,-,0.06%
20-Mar-17,905.3,904.4,907.7,902.9,-,0.10%
21-Mar-17,892,905.3,910.3,891.4,-,-1.47%
22-Mar-17,899.1,892,899.9,891.7,-,0.80%
23-Mar-17,896.2,899.1,899.7,894.4,-,-0.32%
24-Mar-17,896.6,896.2,902.7,893.6,-,0.05%
27-Mar-17,897.5,896.6,899.2,887.8,-,0.10%
28-Mar-17,904,897.5,906.5,895.3,-,0.72%
29-Mar-17,905.8,904,906.5,901.9,-,0.21%
30-Mar-17,907.1,905.8,908.7,905,-,0.14%
31-Mar-17,906.2,907.1,909.2,904.7,-,-0.10%
3-Apr-17,904.9,906.2,908.5,899.4,-,-0.15%
4-Apr-17,904.8,904.9,905.1,900.8,-,-0.01%
5-Apr-17,902,904.8,912.5,900.6,-,-0.32%
6-Apr-17,901.5,902,904.5,899.6,-,-0.05%
7-Apr-17,900.9,901.5,903.6,897.8,-,-0.07%
10-Apr-17,899.6,900.9,904,897.8,-,-0.15%
11-Apr-17,895.6,899.6,899.6,888.2,-,-0.44%
12-Apr-17,892.1,895.6,895.8,890.4,-,-0.40%
13-Apr-17,888.7,892.1,897.2,888.7,-,-0.38%
17-Apr-17,897.3,888.7,897.4,888.7,-,0.97%
18-Apr-17,896.6,897.3,898.9,893.7,-,-0.08%
19-Apr-17,895.9,896.6,901.3,894.4,-,-0.08%
20-Apr-17,904.7,895.9,906.7,895.9,-,0.98%
21-Apr-17,904.6,904.7,906.8,902.9,-,-0.01%
24-Apr-17,916.4,904.6,917,904.6,-,1.30%
25-Apr-17,922.1,916.4,923.9,916.4,-,0.62%
26-Apr-17,919.7,922.1,923.9,919.1,-,-0.26%
27-Apr-17,925.3,919.7,925.6,919.7,-,0.60%
28-Apr-17,928.3,925.3,929.8,925.3,-,0.33%
1-May-17,936.2,928.3,937.8,928.3,-,0.85%
2-May-17,939,936.2,940.7,935.7,-,0.30%
3-May-17,937.8,939,939,933.2,-,-0.13%
4-May-17,938,937.8,939.6,935,-,0.03%
5-May-17,941,938,941,936.5,-,0.31%
8-May-17,944.9,941,945.3,939.8,-,0.42%
9-May-17,946.4,944.9,949.4,944.5,-,0.15%
10-May-17,950,946.4,950.7,945.5,-,0.38%
11-May-17,948.6,950,950,942.7,-,-0.15%
12-May-17,951.6,948.6,951.6,948.2,-,0.32%
15-May-17,956.9,951.6,956.9,951.6,-,0.56%
16-May-17,961.6,956.9,961.7,955.5,-,0.50%
17-May-17,934.7,961.6,961.6,934.3,-,-2.80%
18-May-17,940.2,934.7,943.2,930.4,-,0.58%
19-May-17,944.9,940.2,948.1,940.2,-,0.50%
22-May-17,953.8,944.9,954.2,944.9,-,0.95%
23-May-17,954.6,953.8,957.5,951.9,-,0.08%
24-May-17,959.2,954.6,959.6,954.6,-,0.48%
25-May-17,966.7,959.2,968.8,959.2,-,0.78%
26-May-17,966.8,966.7,967.4,963.7,-,0.01%
30-May-17,969.8,966.8,970.4,965.3,-,0.31%
31-May-17,966.8,969.8,973.3,964.1,-,-0.30%
1-Jun-17,969.6,966.8,969.7,963.2,-,0.28%
2-Jun-17,979.7,969.6,979.7,969.6,-,1.04%
5-Jun-17,980.4,979.7,983.3,978.1,-,0.07%
6-Jun-17,978.6,980.4,983.6,977.1,-,-0.18%
7-Jun-17,981.2,978.6,983.3,976.4,-,0.27%
8-Jun-17,984.7,981.2,985.1,978.6,-,0.35%
9-Jun-17,957.8,984.7,987.4,943.3,-,-2.73%
12-Jun-17,950,957.8,957.8,932.7,-,-0.81%
13-Jun-17,958.1,950,961.3,950,-,0.85%
14-Jun-17,953,958.1,962.1,944.9,-,-0.53%
15-Jun-17,948.4,953,953,936.6,-,-0.48%
16-Jun-17,946.7,948.4,948.9,942.5,-,-0.18%
19-Jun-17,962.4,946.7,962.9,946.7,-,1.66%
20-Jun-17,954.9,962.4,963,954.8,-,-0.78%
21-Jun-17,961.3,954.9,961.8,954.9,-,0.67%
22-Jun-17,961.8,961.3,965,958.7,-,0.05%
23-Jun-17,968.2,961.8,971,959.4,-,0.67%
26-Jun-17,962.5,968.2,976.3,961.5,-,-0.59%
27-Jun-17,946.4,962.5,962.5,946.4,-,-1.67%
28-Jun-17,958.9,946.4,959.8,943.2,-,1.32%
29-Jun-17,941.3,958.9,958.9,933.2,-,-1.83%
30-Jun-17,940.3,941.3,947,939.5,-,-0.11%
3-Jul-17,932.3,940.3,945.8,931.1,-,-0.85%
5-Jul-17,942,932.3,944.2,932.3,-,1.04%
6-Jul-17,933.9,942,942,930.8,-,-0.86%
7-Jul-17,945.6,933.9,949.1,933.9,-,1.25%
10-Jul-17,953.3,945.6,955.8,944.8,-,0.82%
11-Jul-17,956.7,953.3,957.8,949.4,-,0.36%
12-Jul-17,969.2,956.7,970.4,956.7,-,1.31%
13-Jul-17,972.4,969.2,975.8,969.2,-,0.33%
14-Jul-17,981.1,972.4,982.4,972.4,-,0.89%
17-Jul-17,981.5,981.1,984.3,979.3,-,0.04%
18-Jul-17,986.8,981.5,986.8,976.6,-,0.54%
19-Jul-17,992.3,986.8,993.3,986.8,-,0.56%
20-Jul-17,992.7,992.3,995,987.8,-,0.04%
21-Jul-17,992,992.7,992.7,987.9,-,-0.07%
24-Jul-17,994.5,992,996.3,989.9,-,0.25%
25-Jul-17,992.7,994.5,995,988.7,-,-0.17%
26-Jul-17,994.7,992.7,996.5,991.7,-,0.20%
27-Jul-17,986.5,994.7,"1,001.00",974.8,-,-0.82%
28-Jul-17,985.7,986.5,987.5,980.8,-,-0.09%
31-Jul-17,980.4,985.7,989.5,979,-,-0.53%
1-Aug-17,985.6,980.4,985.7,980.4,-,0.53%
2-Aug-17,990.3,985.6,996.7,982.6,-,0.49%
3-Aug-17,986.9,990.3,990.3,983.9,-,-0.35%
4-Aug-17,989.6,986.9,992.2,986.9,-,0.27%
7-Aug-17,995.4,989.6,995.5,989.6,-,0.59%
8-Aug-17,994,995.4,"1,002.10",991.3,-,-0.13%
9-Aug-17,994.4,994,994.7,987.1,-,0.03%
10-Aug-17,972.7,994.4,994.4,971.9,-,-2.18%
11-Aug-17,979.9,972.7,982.9,972.7,-,0.75%
14-Aug-17,995.6,979.9,997,979.9,-,1.60%
15-Aug-17,997.9,995.6,999.8,994.2,-,0.23%
16-Aug-17,"1,000.50",997.9,"1,004.80",997.4,-,0.26%
17-Aug-17,980.7,"1,000.50","1,000.50",980.7,-,-1.98%
18-Aug-17,980.2,980.7,987.2,976.1,-,-0.05%
21-Aug-17,979.7,980.2,981.9,972.7,-,-0.06%
22-Aug-17,993.9,979.7,994.8,979.7,-,1.45%
23-Aug-17,992.1,993.9,994.3,988.6,-,-0.18%
24-Aug-17,990.8,992.1,995.2,985.4,-,-0.12%
25-Aug-17,989.8,990.8,997.1,988.2,-,-0.11%
28-Aug-17,992.5,989.8,994.1,989.2,-,0.27%
29-Aug-17,996.6,992.5,998.2,983.3,-,0.41%
30-Aug-17,"1,004.90",996.6,"1,005.80",996.3,-,0.84%
31-Aug-17,"1,012.10","1,004.90","1,013.70","1,004.90",-,0.72%
1-Sep-17,"1,011.70","1,012.10","1,015.70","1,010.00",-,-0.05%
5-Sep-17,"1,002.70","1,011.70","1,011.70",995.5,-,-0.89%
6-Sep-17,"1,004.50","1,002.70","1,007.40",999,-,0.18%
7-Sep-17,"1,009.60","1,004.50","1,010.70","1,004.10",-,0.51%
8-Sep-17,"1,000.90","1,009.60","1,009.60","1,000.40",-,-0.86%
11-Sep-17,"1,015.90","1,000.90","1,017.10","1,000.90",-,1.50%
12-Sep-17,"1,017.30","1,015.90","1,019.90","1,012.30",-,0.13%
13-Sep-17,"1,015.70","1,017.30","1,017.30","1,011.50",-,-0.16%
14-Sep-17,"1,011.90","1,015.70","1,016.20","1,009.00",-,-0.37%
15-Sep-17,"1,014.90","1,011.90","1,016.80","1,008.80",-,0.30%
18-Sep-17,"1,014.60","1,014.90","1,019.80","1,011.70",-,-0.03%
19-Sep-17,"1,018.40","1,014.60","1,020.40","1,014.00",-,0.37%
20-Sep-17,"1,013.50","1,018.40","1,018.40","1,006.00",-,-0.48%
21-Sep-17,"1,007.50","1,013.50","1,013.50","1,004.00",-,-0.59%
22-Sep-17,"1,008.20","1,007.50","1,008.90","1,003.30",-,0.06%
25-Sep-17,993.8,"1,008.20","1,008.20",989.1,-,-1.42%
26-Sep-17,997.7,993.8,"1,002.20",993.8,-,0.40%
27-Sep-17,"1,009.10",997.7,"1,012.40",997.7,-,1.14%
28-Sep-17,"1,010.60","1,009.10","1,010.70","1,004.70",-,0.14%
29-Sep-17,"1,018.20","1,010.60","1,018.40","1,010.60",-,0.75%
2-Oct-17,"1,018.90","1,018.20","1,022.50","1,014.00",-,0.08%
3-Oct-17,"1,021.20","1,018.90","1,021.70","1,018.80",-,0.22%
4-Oct-17,"1,019.70","1,021.20","1,021.40","1,015.20",-,-0.15%
5-Oct-17,"1,030.50","1,019.70","1,031.00","1,019.70",-,1.06%
6-Oct-17,"1,033.50","1,030.50","1,033.50","1,027.10",-,0.29%
9-Oct-17,"1,035.90","1,033.50","1,038.50","1,033.50",-,0.24%
10-Oct-17,"1,036.30","1,035.90","1,039.90","1,031.30",-,0.04%
11-Oct-17,"1,041.20","1,036.30","1,041.30","1,035.40",-,0.47%
12-Oct-17,"1,041.60","1,041.20","1,045.70","1,040.30",-,0.04%
13-Oct-17,"1,047.10","1,041.60","1,049.30","1,041.60",-,0.52%
16-Oct-17,"1,050.90","1,047.10","1,051.10","1,047.10",-,0.37%
17-Oct-17,"1,050.70","1,050.90","1,050.90","1,047.60",-,-0.03%
18-Oct-17,"1,053.80","1,050.70","1,055.80","1,050.40",-,0.30%
19-Oct-17,"1,050.20","1,053.80","1,053.80","1,042.20",-,-0.35%
20-Oct-17,"1,057.30","1,050.20","1,059.30","1,050.20",-,0.68%
23-Oct-17,"1,053.00","1,057.30","1,060.70","1,051.90",-,-0.40%
24-Oct-17,"1,056.80","1,053.00","1,058.40","1,052.10",-,0.36%
25-Oct-17,"1,053.20","1,056.80","1,059.10","1,045.50",-,-0.34%
26-Oct-17,"1,056.80","1,053.20","1,061.80","1,053.20",-,0.34%
27-Oct-17,"1,087.60","1,056.80","1,090.70","1,056.80",-,2.91%
30-Oct-17,"1,092.00","1,087.60","1,094.80","1,086.00",-,0.40%
31-Oct-17,"1,096.30","1,092.00","1,098.70","1,091.20",-,0.39%
1-Nov-17,"1,097.10","1,096.30","1,101.90","1,091.10",-,0.07%
2-Nov-17,"1,098.30","1,097.10","1,099.10","1,089.20",-,0.11%
3-Nov-17,"1,107.70","1,098.30","1,108.70","1,097.70",-,0.85%
6-Nov-17,"1,111.50","1,107.70","1,112.30","1,107.70",-,0.35%
7-Nov-17,"1,112.70","1,111.50","1,113.70","1,107.80",-,0.11%
8-Nov-17,"1,118.20","1,112.70","1,118.60","1,109.20",-,0.49%
9-Nov-17,"1,108.70","1,118.20","1,118.20","1,096.80",-,-0.85%
10-Nov-17,"1,107.70","1,108.70","1,108.70","1,103.20",-,-0.09%
13-Nov-17,"1,107.50","1,107.70","1,108.50","1,102.90",-,-0.01%
14-Nov-17,"1,105.70","1,107.50","1,107.50","1,099.20",-,-0.16%
15-Nov-17,"1,096.30","1,105.70","1,105.70","1,093.20",-,-0.85%
16-Nov-17,"1,110.90","1,096.30","1,113.70","1,096.30",-,1.33%
17-Nov-17,"1,103.50","1,110.90","1,110.90","1,102.30",-,-0.67%
20-Nov-17,"1,106.50","1,103.50","1,107.90","1,103.50",-,0.28%
21-Nov-17,"1,119.80","1,106.50","1,120.00","1,106.50",-,1.19%
22-Nov-17,"1,116.90","1,119.80","1,119.80","1,115.20",-,-0.26%
24-Nov-17,"1,122.90","1,116.90","1,123.70","1,116.90",-,0.54%
27-Nov-17,"1,122.80","1,122.90","1,124.40","1,118.80",-,-0.01%
28-Nov-17,"1,124.80","1,122.80","1,127.20","1,119.00",-,0.18%
29-Nov-17,"1,096.10","1,124.80","1,124.80","1,087.90",-,-2.56%
30-Nov-17,"1,106.50","1,096.10","1,108.50","1,096.10",-,0.96%
1-Dec-17,"1,100.20","1,106.50","1,106.50","1,084.00",-,-0.57%
4-Dec-17,"1,079.00","1,100.20","1,106.30","1,078.10",-,-1.93%
5-Dec-17,"1,081.20","1,079.00","1,094.00","1,072.30",-,0.21%
6-Dec-17,"1,089.30","1,081.20","1,091.80","1,073.90",-,0.75%
7-Dec-17,"1,096.40","1,089.30","1,098.50","1,089.30",-,0.65%
8-Dec-17,"1,101.10","1,096.40","1,107.70","1,096.40",-,0.43%
11-Dec-17,"1,110.00","1,101.10","1,110.60","1,101.00",-,0.81%
12-Dec-17,"1,107.10","1,110.00","1,112.30","1,104.20",-,-0.26%
13-Dec-17,"1,107.60","1,107.10","1,113.40","1,107.10",-,0.04%
14-Dec-17,"1,106.70","1,107.60","1,113.60","1,106.60",-,-0.08%
15-Dec-17,"1,120.40","1,106.70","1,121.40","1,106.70",-,1.24%
18-Dec-17,"1,128.90","1,120.40","1,130.30","1,120.40",-,0.76%
19-Dec-17,"1,122.90","1,128.90","1,128.90","1,119.00",-,-0.53%
20-Dec-17,"1,121.90","1,122.90","1,127.40","1,116.10",-,-0.09%
21-Dec-17,"1,118.70","1,121.90","1,126.20","1,117.90",-,-0.29%
22-Dec-17,"1,117.80","1,118.70","1,118.70","1,115.30",-,-0.08%
26-Dec-17,"1,110.00","1,117.80","1,117.80","1,105.00",-,-0.70%
27-Dec-17,"1,111.80","1,110.00","1,113.10","1,109.20",-,0.16%
28-Dec-17,"1,113.00","1,111.80","1,115.30","1,111.10",-,0.10%
29-Dec-17,"1,106.20","1,113.00","1,113.90","1,106.20",-,-0.61%
2-Jan-18,"1,121.80","1,106.20","1,122.00","1,106.20",-,1.41%
3-Jan-18,"1,134.00","1,121.80","1,134.60","1,121.80",-,1.09%
4-Jan-18,"1,139.40","1,134.00","1,143.00","1,134.00",-,0.48%
5-Jan-18,"1,152.80","1,139.40","1,153.20","1,139.40",-,1.18%
8-Jan-18,"1,157.00","1,152.80","1,159.00","1,151.10",-,0.37%
9-Jan-18,"1,154.00","1,157.00","1,158.90","1,151.40",-,-0.26%
10-Jan-18,"1,150.40","1,154.00","1,154.00","1,144.50",-,-0.31%
11-Jan-18,"1,155.90","1,150.40","1,156.00","1,150.20",-,0.48%
12-Jan-18,"1,162.90","1,155.90","1,163.80","1,152.30",-,0.61%
16-Jan-18,"1,158.10","1,162.90","1,174.40","1,154.70",-,-0.41%
17-Jan-18,"1,176.40","1,158.10","1,177.10","1,158.10",-,1.58%
18-Jan-18,"1,178.40","1,176.40","1,181.60","1,173.80",-,0.17%
19-Jan-18,"1,180.30","1,178.40","1,183.10","1,174.80",-,0.16%
22-Jan-18,"1,190.50","1,180.30","1,190.50","1,177.10",-,0.87%
23-Jan-18,"1,198.10","1,190.50","1,199.80","1,190.50",-,0.64%
24-Jan-18,"1,187.30","1,198.10","1,202.30","1,183.30",-,-0.91%
25-Jan-18,"1,184.40","1,187.30","1,196.20","1,181.60",-,-0.24%
26-Jan-18,"1,203.90","1,184.40","1,203.90","1,184.40",-,1.64%
29-Jan-18,"1,193.40","1,203.90","1,203.90","1,191.30",-,-0.87%
30-Jan-18,"1,181.20","1,193.40","1,193.40","1,178.00",-,-1.02%
31-Jan-18,"1,189.90","1,181.20","1,192.00","1,181.20",-,0.73%
1-Feb-18,"1,189.50","1,189.90","1,198.30","1,183.80",-,-0.03%
2-Feb-18,"1,154.30","1,189.50","1,189.50","1,153.90",-,-2.96%
5-Feb-18,"1,107.80","1,154.30","1,164.00","1,107.70",-,-4.03%
6-Feb-18,"1,139.00","1,107.80","1,140.40","1,085.50",-,2.82%
7-Feb-18,"1,123.40","1,139.00","1,146.90","1,123.30",-,-1.37%
8-Feb-18,"1,075.90","1,123.40","1,127.80","1,075.90",-,-4.22%
9-Feb-18,"1,103.10","1,075.90","1,110.00","1,057.50",-,2.53%
12-Feb-18,"1,122.90","1,103.10","1,129.90","1,103.10",-,1.79%
13-Feb-18,"1,125.90","1,122.90","1,128.20","1,113.90",-,0.27%
14-Feb-18,"1,147.80","1,125.90","1,149.20","1,118.40",-,1.95%
15-Feb-18,"1,169.70","1,147.80","1,169.90","1,145.50",-,1.90%
16-Feb-18,"1,167.40","1,169.70","1,180.50","1,166.20",-,-0.19%
20-Feb-18,"1,170.30","1,167.40","1,179.40","1,161.00",-,0.25%
21-Feb-18,"1,163.30","1,170.30","1,185.30","1,163.30",-,-0.60%
22-Feb-18,"1,164.30","1,163.30","1,175.00","1,161.60",-,0.08%
23-Feb-18,"1,189.60","1,164.30","1,189.80","1,164.30",-,2.17%
26-Feb-18,"1,208.40","1,189.60","1,208.50","1,189.60",-,1.58%
27-Feb-18,"1,196.90","1,208.40","1,214.50","1,196.90",-,-0.95%
28-Feb-18,"1,188.60","1,196.90","1,209.20","1,188.50",-,-0.70%
1-Mar-18,"1,168.30","1,188.60","1,196.00","1,158.80",-,-1.70%
2-Mar-18,"1,179.70","1,168.30","1,181.50","1,150.20",-,0.97%
5-Mar-18,"1,190.80","1,179.70","1,195.30","1,170.60",-,0.94%
6-Mar-18,"1,193.70","1,190.80","1,200.10","1,188.40",-,0.24%
7-Mar-18,"1,200.30","1,193.70","1,201.60","1,184.50",-,0.55%
8-Mar-18,"1,205.80","1,200.30","1,207.10","1,198.30",-,0.46%
9-Mar-18,"1,230.30","1,205.80","1,230.30","1,205.80",-,2.03%
12-Mar-18,"1,234.00","1,230.30","1,239.10","1,230.20",-,0.30%
13-Mar-18,"1,219.10","1,234.00","1,244.70","1,214.60",-,-1.21%
14-Mar-18,"1,218.20","1,219.10","1,225.80","1,212.20",-,-0.07%
15-Mar-18,"1,219.20","1,218.20","1,226.30","1,212.80",-,0.08%
16-Mar-18,"1,218.40","1,219.20","1,225.60","1,215.80",-,-0.06%
19-Mar-18,"1,192.70","1,218.40","1,218.40","1,182.40",-,-2.11%
20-Mar-18,"1,192.90","1,192.70","1,197.20","1,185.90",-,0.02%
21-Mar-18,"1,185.80","1,192.90","1,201.80","1,182.70",-,-0.60%
22-Mar-18,"1,153.90","1,185.80","1,185.80","1,153.50",-,-2.69%
23-Mar-18,"1,122.40","1,153.90","1,158.50","1,122.40",-,-2.73%
26-Mar-18,"1,167.60","1,122.40","1,168.80","1,122.40",-,4.03%
27-Mar-18,"1,127.10","1,167.60","1,174.80","1,118.10",-,-3.47%
28-Mar-18,"1,117.30","1,127.10","1,136.00","1,110.80",-,-0.87%
29-Mar-18,"1,141.60","1,117.30","1,153.40","1,117.30",-,2.17%
2-Apr-18,"1,113.30","1,141.60","1,142.00","1,100.70",-,-2.48%
3-Apr-18,"1,124.50","1,113.30","1,127.10","1,105.40",-,1.01%
4-Apr-18,"1,139.90","1,124.50","1,143.00","1,100.30",-,1.37%
5-Apr-18,"1,144.40","1,139.90","1,152.60","1,136.40",-,0.40%
6-Apr-18,"1,115.40","1,144.40","1,144.40","1,110.50",-,-2.53%
9-Apr-18,"1,124.10","1,115.40","1,147.20","1,115.40",-,0.78%
10-Apr-18,"1,152.00","1,124.10","1,156.70","1,124.10",-,2.48%
11-Apr-18,"1,146.20","1,152.00","1,157.10","1,144.00",-,-0.51%
12-Apr-18,"1,160.90","1,146.20","1,166.20","1,146.20",-,1.29%
13-Apr-18,"1,157.10","1,160.90","1,170.20","1,151.70",-,-0.33%
16-Apr-18,"1,165.20","1,157.10","1,169.90","1,157.10",-,0.70%
17-Apr-18,"1,188.60","1,165.20","1,192.50","1,165.20",-,2.01%
18-Apr-18,"1,185.90","1,188.60","1,190.20","1,177.70",-,-0.23%
19-Apr-18,"1,172.40","1,185.90","1,185.90","1,167.40",-,-1.13%
20-Apr-18,"1,154.70","1,172.40","1,172.40","1,150.20",-,-1.51%
23-Apr-18,"1,150.10","1,154.70","1,162.90","1,144.60",-,-0.40%
24-Apr-18,"1,127.30","1,150.10","1,158.00","1,118.90",-,-1.99%
25-Apr-18,"1,125.90","1,127.30","1,130.80","1,111.90",-,-0.12%
26-Apr-18,"1,151.50","1,125.90","1,155.90","1,125.90",-,2.27%
27-Apr-18,"1,147.80","1,151.50","1,163.80","1,141.40",-,-0.32%
30-Apr-18,"1,142.00","1,147.80","1,159.40","1,139.60",-,-0.51%
1-May-18,"1,158.70","1,142.00","1,159.10","1,137.80",-,1.46%
2-May-18,"1,158.40","1,158.70","1,171.70","1,156.90",-,-0.03%
3-May-18,"1,161.70","1,158.40","1,166.30","1,142.90",-,0.29%
4-May-18,"1,184.60","1,161.70","1,186.30","1,155.70",-,1.97%
7-May-18,"1,194.00","1,184.60","1,199.10","1,184.60",-,0.79%
8-May-18,"1,197.40","1,194.00","1,198.30","1,186.90",-,0.29%
9-May-18,"1,213.90","1,197.40","1,213.90","1,197.10",-,1.37%
10-May-18,"1,229.50","1,213.90","1,230.10","1,213.90",-,1.28%
11-May-18,"1,225.50","1,229.50","1,229.90","1,220.70",-,-0.32%
14-May-18,"1,225.30","1,225.50","1,234.60","1,223.60",-,-0.02%
15-May-18,"1,213.50","1,225.30","1,225.30","1,206.80",-,-0.96%
16-May-18,"1,218.10","1,213.50","1,221.00","1,211.70",-,0.38%
17-May-18,"1,212.10","1,218.10","1,222.10","1,206.40",-,-0.49%
18-May-18,"1,206.60","1,212.10","1,213.30","1,205.40",-,-0.45%
21-May-18,"1,216.70","1,206.60","1,223.80","1,206.60",-,0.84%
22-May-18,"1,213.50","1,216.70","1,224.40","1,211.50",-,-0.26%
23-May-18,"1,223.90","1,213.50","1,224.10","1,204.70",-,0.86%
24-May-18,"1,222.40","1,223.90","1,225.30","1,209.20",-,-0.12%
25-May-18,"1,222.40","1,222.40","1,226.30","1,218.70",-,0.00%
29-May-18,"1,214.40","1,222.40","1,222.40","1,206.70",-,-0.66%
30-May-18,"1,223.20","1,214.40","1,225.40","1,214.40",-,0.72%
31-May-18,"1,223.40","1,223.20","1,233.40","1,221.70",-,0.02%
1-Jun-18,"1,247.60","1,223.40","1,247.60","1,223.40",-,1.97%
4-Jun-18,"1,257.40","1,247.60","1,259.20","1,247.60",-,0.79%
5-Jun-18,"1,262.80","1,257.40","1,264.50","1,257.40",-,0.43%
6-Jun-18,"1,269.60","1,262.80","1,269.70","1,257.70",-,0.53%
7-Jun-18,"1,255.80","1,269.60","1,269.90","1,248.10",-,-1.09%
8-Jun-18,"1,256.10","1,255.80","1,257.90","1,245.20",-,0.03%
11-Jun-18,"1,256.00","1,256.10","1,260.40","1,252.40",-,-0.01%
12-Jun-18,"1,263.30","1,256.00","1,264.20","1,256.00",-,0.58%
13-Jun-18,"1,260.40","1,263.30","1,271.80","1,259.40",-,-0.23%
14-Jun-18,"1,268.10","1,260.40","1,272.00","1,260.40",-,0.61%
15-Jun-18,"1,262.40","1,268.10","1,268.10","1,255.40",-,-0.45%
18-Jun-18,"1,265.70","1,262.40","1,266.50","1,249.60",-,0.26%
19-Jun-18,"1,256.70","1,265.70","1,265.70","1,240.80",-,-0.72%
20-Jun-18,"1,260.80","1,256.70","1,267.50","1,256.70",-,0.33%
21-Jun-18,"1,250.70","1,260.80","1,266.50","1,248.00",-,-0.80%
22-Jun-18,"1,245.90","1,250.70","1,252.60","1,241.00",-,-0.38%
25-Jun-18,"1,217.60","1,245.90","1,245.90","1,206.60",-,-2.28%
26-Jun-18,"1,223.30","1,217.60","1,232.00","1,217.60",-,0.48%
27-Jun-18,"1,205.60","1,223.30","1,232.90","1,205.60",-,-1.45%
28-Jun-18,"1,218.50","1,205.60","1,223.20","1,204.00",-,1.08%
29-Jun-18,"1,218.60","1,218.50","1,229.90","1,217.20",-,0.01%
2-Jul-18,"1,230.70","1,218.60","1,230.90","1,206.30",-,0.99%
3-Jul-18,"1,213.80","1,230.70","1,234.60","1,213.00",-,-1.37%
5-Jul-18,"1,231.60","1,213.80","1,232.30","1,213.80",-,1.46%
6-Jul-18,"1,246.80","1,231.60","1,248.90","1,229.10",-,1.24%
9-Jul-18,"1,257.00","1,246.80","1,257.30","1,246.80",-,0.82%
10-Jul-18,"1,259.90","1,257.00","1,263.80","1,256.90",-,0.23%
11-Jul-18,"1,253.50","1,259.90","1,259.90","1,248.60",-,-0.51%
12-Jul-18,"1,276.00","1,253.50","1,276.50","1,253.50",-,1.79%
13-Jul-18,"1,275.70","1,276.00","1,278.90","1,270.90",-,-0.02%
16-Jul-18,"1,271.30","1,275.70","1,278.00","1,268.90",-,-0.35%
17-Jul-18,"1,281.60","1,271.30","1,284.10","1,261.70",-,0.81%
18-Jul-18,"1,280.10","1,281.60","1,281.90","1,275.20",-,-0.11%
19-Jul-18,"1,275.80","1,280.10","1,282.40","1,273.60",-,-0.33%
20-Jul-18,"1,277.00","1,275.80","1,284.40","1,275.30",-,0.09%
23-Jul-18,"1,283.60","1,277.00","1,284.50","1,269.00",-,0.52%
24-Jul-18,"1,290.00","1,283.60","1,302.50","1,283.60",-,0.50%
25-Jul-18,"1,309.40","1,290.00","1,309.60","1,290.00",-,1.50%
26-Jul-18,"1,287.90","1,309.40","1,309.40","1,282.90",-,-1.64%
27-Jul-18,"1,262.30","1,287.90","1,289.60","1,254.60",-,-1.99%
30-Jul-18,"1,239.80","1,262.30","1,262.30","1,231.70",-,-1.78%
31-Jul-18,"1,243.40","1,239.80","1,251.80","1,235.70",-,0.30%
1-Aug-18,"1,255.50","1,243.40","1,260.10","1,243.40",-,0.97%
2-Aug-18,"1,272.70","1,255.50","1,274.30","1,244.20",-,1.37%
3-Aug-18,"1,277.10","1,272.70","1,277.10","1,266.70",-,0.34%
6-Aug-18,"1,284.60","1,277.10","1,284.70","1,273.30",-,0.59%
7-Aug-18,"1,288.80","1,284.60","1,294.60","1,284.60",-,0.33%
8-Aug-18,"1,292.50","1,288.80","1,295.10","1,284.50",-,0.28%
9-Aug-18,"1,291.80","1,292.50","1,297.50","1,291.10",-,-0.05%
10-Aug-18,"1,281.30","1,291.80","1,291.80","1,277.10",-,-0.81%
13-Aug-18,"1,279.40","1,281.30","1,293.30","1,278.80",-,-0.15%
14-Aug-18,"1,287.30","1,279.40","1,288.80","1,275.90",-,0.62%
15-Aug-18,"1,273.60","1,287.30","1,287.30","1,263.30",-,-1.07%
16-Aug-18,"1,276.80","1,273.60","1,285.50","1,273.60",-,0.25%
17-Aug-18,"1,279.20","1,276.80","1,282.10","1,268.10",-,0.18%
20-Aug-18,"1,277.20","1,279.20","1,282.10","1,271.10",-,-0.15%
21-Aug-18,"1,278.10","1,277.20","1,286.80","1,277.10",-,0.07%
22-Aug-18,"1,284.30","1,278.10","1,286.60","1,273.70",-,0.48%
23-Aug-18,"1,286.60","1,284.30","1,294.40","1,283.30",-,0.18%
24-Aug-18,"1,300.80","1,286.60","1,301.30","1,286.60",-,1.10%
27-Aug-18,"1,313.30","1,300.80","1,313.90","1,300.80",-,0.96%
28-Aug-18,"1,316.10","1,313.30","1,319.10","1,312.50",-,0.21%
29-Aug-18,"1,329.50","1,316.10","1,330.10","1,316.10",-,1.01%
30-Aug-18,"1,325.60","1,329.50","1,334.90","1,321.90",-,-0.29%
31-Aug-18,"1,327.20","1,325.60","1,330.80","1,322.90",-,0.12%
4-Sep-18,"1,323.20","1,327.20","1,327.20","1,313.30",-,-0.30%
5-Sep-18,"1,303.40","1,323.20","1,323.20","1,297.20",-,-1.50%
6-Sep-18,"1,292.80","1,303.40","1,304.40","1,283.20",-,-0.81%
7-Sep-18,"1,288.30","1,292.80","1,299.80","1,283.00",-,-0.34%
10-Sep-18,"1,292.40","1,288.30","1,294.80","1,285.20",-,0.32%
11-Sep-18,"1,303.20","1,292.40","1,306.30","1,285.00",-,0.84%
12-Sep-18,"1,296.80","1,303.20","1,303.20","1,285.20",-,-0.50%
13-Sep-18,"1,311.60","1,296.80","1,316.00","1,296.80",-,1.15%
14-Sep-18,"1,311.90","1,311.60","1,318.10","1,305.60",-,0.02%
17-Sep-18,"1,293.70","1,311.90","1,312.20","1,292.30",-,-1.39%
18-Sep-18,"1,301.70","1,293.70","1,309.00","1,292.30",-,0.62%
19-Sep-18,"1,300.40","1,301.70","1,306.60","1,291.50",-,-0.10%
20-Sep-18,"1,315.70","1,300.40","1,317.90","1,300.40",-,1.18%
21-Sep-18,"1,311.20","1,315.70","1,322.30","1,309.30",-,-0.34%
24-Sep-18,"1,315.30","1,311.20","1,316.40","1,298.70",-,0.31%
25-Sep-18,"1,314.70","1,315.30","1,317.60","1,309.70",-,-0.04%
26-Sep-18,"1,309.40","1,314.70","1,321.90","1,307.90",-,-0.41%
27-Sep-18,"1,316.40","1,309.40","1,321.10","1,309.40",-,0.54%
28-Sep-18,"1,322.10","1,316.40","1,323.70","1,313.90",-,0.43%
1-Oct-18,"1,328.60","1,322.10","1,334.20","1,322.10",-,0.49%
2-Oct-18,"1,328.40","1,328.60","1,336.40","1,323.40",-,-0.01%
3-Oct-18,"1,332.90","1,328.40","1,338.90","1,328.40",-,0.34%
4-Oct-18,"1,309.10","1,332.90","1,332.90","1,300.20",-,-1.78%
5-Oct-18,"1,292.50","1,309.10","1,311.80","1,279.60",-,-1.27%
8-Oct-18,"1,277.30","1,292.50","1,292.50","1,263.00",-,-1.18%
9-Oct-18,"1,281.80","1,277.30","1,289.30","1,274.50",-,0.35%
10-Oct-18,"1,220.60","1,281.80","1,281.80","1,219.30",-,-4.77%
11-Oct-18,"1,205.10","1,220.60","1,237.00","1,194.80",-,-1.27%
12-Oct-18,"1,243.10","1,205.10","1,247.00","1,205.10",-,3.15%
15-Oct-18,"1,222.80","1,243.10","1,243.10","1,222.30",-,-1.64%
16-Oct-18,"1,259.70","1,222.80","1,262.40","1,222.80",-,3.02%
17-Oct-18,"1,253.80","1,259.70","1,261.00","1,242.30",-,-0.47%
18-Oct-18,"1,228.50","1,253.80","1,253.80","1,221.70",-,-2.02%
19-Oct-18,"1,228.60","1,228.50","1,249.20","1,223.80",-,0.01%
22-Oct-18,"1,238.60","1,228.60","1,246.20","1,226.90",-,0.81%
23-Oct-18,"1,233.60","1,238.60","1,240.20","1,200.60",-,-0.40%
24-Oct-18,"1,179.00","1,233.60","1,233.60","1,177.20",-,-4.43%
25-Oct-18,"1,218.10","1,179.00","1,225.20","1,179.00",-,3.32%
26-Oct-18,"1,195.30","1,218.10","1,218.10","1,177.70",-,-1.87%
29-Oct-18,"1,173.70","1,195.30","1,219.60","1,150.90",-,-1.81%
30-Oct-18,"1,187.30","1,173.70","1,191.10","1,163.30",-,1.16%
31-Oct-18,"1,215.70","1,187.30","1,225.30","1,187.30",-,2.39%
1-Nov-18,"1,230.30","1,215.70","1,230.70","1,207.10",-,1.20%
2-Nov-18,"1,207.00","1,230.30","1,230.30","1,195.90",-,-1.89%
5-Nov-18,"1,204.80","1,207.00","1,207.00","1,187.30",-,-0.18%
6-Nov-18,"1,212.20","1,204.80","1,217.40","1,202.30",-,0.61%
7-Nov-18,"1,247.10","1,212.20","1,247.20","1,212.20",-,2.87%
8-Nov-18,"1,244.60","1,247.10","1,247.10","1,237.60",-,-0.20%
9-Nov-18,"1,223.90","1,244.60","1,244.60","1,213.40",-,-1.66%
12-Nov-18,"1,180.60","1,223.90","1,223.90","1,179.10",-,-3.54%
13-Nov-18,"1,181.70","1,180.60","1,202.00","1,178.60",-,0.09%
14-Nov-18,"1,166.40","1,181.70","1,196.10","1,160.60",-,-1.29%
15-Nov-18,"1,195.10","1,166.40","1,198.40","1,161.80",-,2.46%
16-Nov-18,"1,193.80","1,195.10","1,200.70","1,179.20",-,-0.11%
19-Nov-18,"1,148.60","1,193.80","1,193.80","1,145.10",-,-3.79%
20-Nov-18,"1,124.00","1,148.60","1,148.60","1,109.00",-,-2.14%
21-Nov-18,"1,131.00","1,124.00","1,142.90","1,124.00",-,0.62%
23-Nov-18,"1,121.20","1,131.00","1,133.60","1,119.20",-,-0.87%
26-Nov-18,"1,146.40","1,121.20","1,146.60","1,121.20",-,2.25%
27-Nov-18,"1,149.20","1,146.40","1,150.70","1,132.40",-,0.24%
28-Nov-18,"1,188.70","1,149.20","1,188.90","1,149.20",-,3.44%
29-Nov-18,"1,177.40","1,188.70","1,188.70","1,171.50",-,-0.95%
30-Nov-18,"1,189.90","1,177.40","1,189.90","1,172.70",-,1.06%
3-Dec-18,"1,215.00","1,189.90","1,219.00","1,189.90",-,2.11%
4-Dec-18,"1,168.20","1,215.00","1,215.00","1,166.30",-,-3.86%
6-Dec-18,"1,170.90","1,168.20","1,170.90","1,135.60",-,0.23%
7-Dec-18,"1,129.60","1,170.90","1,171.00","1,124.90",-,-3.53%
10-Dec-18,"1,145.80","1,129.60","1,149.90","1,117.80",-,1.43%
11-Dec-18,"1,146.80","1,145.80","1,164.90","1,137.90",-,0.09%
12-Dec-18,"1,155.80","1,146.80","1,174.10","1,146.80",-,0.79%
13-Dec-18,"1,158.10","1,155.80","1,169.70","1,151.30",-,0.19%
14-Dec-18,"1,129.30","1,158.10","1,158.10","1,128.30",-,-2.48%
17-Dec-18,"1,104.30","1,129.30","1,132.70","1,096.50",-,-2.21%
18-Dec-18,"1,113.90","1,104.30","1,123.20","1,104.30",-,0.86%
19-Dec-18,"1,092.30","1,113.90","1,130.40","1,080.00",-,-1.94%
20-Dec-18,"1,071.70","1,092.30","1,097.80","1,056.80",-,-1.88%
21-Dec-18,"1,039.70","1,071.70","1,084.70","1,035.00",-,-2.99%
24-Dec-18,"1,011.30","1,039.70","1,041.90","1,011.00",-,-2.73%
26-Dec-18,"1,072.50","1,011.30","1,072.70","1,011.30",-,6.05%
27-Dec-18,"1,080.80","1,072.50","1,081.30","1,037.50",-,0.77%
28-Dec-18,"1,078.10","1,080.80","1,095.90","1,069.00",-,-0.25%
31-Dec-18,"1,088.30","1,078.10","1,092.00","1,078.10",-,0.95%
2-Jan-19,"1,089.00","1,088.30","1,095.30","1,066.80",-,0.07%
3-Jan-19,"1,033.80","1,089.00","1,089.00","1,032.40",-,-5.07%
4-Jan-19,"1,079.30","1,033.80","1,083.80","1,033.80",-,4.40%
7-Jan-19,"1,088.60","1,079.30","1,096.50","1,077.10",-,0.86%
8-Jan-19,"1,098.30","1,088.60","1,103.20","1,085.20",-,0.90%
9-Jan-19,"1,111.90","1,098.30","1,118.00","1,098.30",-,1.24%
10-Jan-19,"1,117.10","1,111.90","1,117.70","1,098.70",-,0.46%
11-Jan-19,"1,115.50","1,117.10","1,117.10","1,108.50",-,-0.14%
14-Jan-19,"1,105.30","1,115.50","1,115.50","1,101.10",-,-0.92%
15-Jan-19,"1,121.70","1,105.30","1,123.60","1,105.30",-,1.48%
16-Jan-19,"1,122.20","1,121.70","1,129.20","1,120.60",-,0.05%
17-Jan-19,"1,129.70","1,122.20","1,136.10","1,116.00",-,0.67%
18-Jan-19,"1,146.60","1,129.70","1,149.20","1,129.70",-,1.49%
22-Jan-19,"1,126.30","1,146.60","1,146.60","1,118.80",-,-1.76%
23-Jan-19,"1,131.00","1,126.30","1,140.50","1,118.80",-,0.41%
24-Jan-19,"1,141.50","1,131.00","1,144.80","1,131.00",-,0.93%
25-Jan-19,"1,158.00","1,141.50","1,160.50","1,141.50",-,1.45%
28-Jan-19,"1,141.80","1,158.00","1,158.00","1,132.30",-,-1.40%
29-Jan-19,"1,130.30","1,141.80","1,144.00","1,127.90",-,-1.01%
30-Jan-19,"1,164.50","1,130.30","1,167.60","1,130.30",-,3.03%
31-Jan-19,"1,163.20","1,164.50","1,169.30","1,155.00",-,-0.12%
1-Feb-19,"1,170.20","1,163.20","1,176.20","1,162.90",-,0.61%
4-Feb-19,"1,188.90","1,170.20","1,189.10","1,170.20",-,1.60%
5-Feb-19,"1,199.40","1,188.90","1,201.60","1,188.90",-,0.88%
6-Feb-19,"1,202.30","1,199.40","1,205.70","1,195.30",-,0.24%
7-Feb-19,"1,185.00","1,202.30","1,202.30","1,177.60",-,-1.44%
8-Feb-19,"1,190.80","1,185.00","1,191.20","1,175.00",-,0.49%
11-Feb-19,"1,190.90","1,190.80","1,198.90","1,188.40",-,0.00%
12-Feb-19,"1,207.10","1,190.90","1,208.30","1,190.90",-,1.36%
13-Feb-19,"1,208.80","1,207.10","1,217.00","1,207.10",-,0.14%
14-Feb-19,"1,210.30","1,208.80","1,214.50","1,203.10",-,0.12%
15-Feb-19,"1,219.90","1,210.30","1,221.00","1,210.30",-,0.79%
19-Feb-19,"1,220.10","1,219.90","1,224.00","1,215.60",-,0.02%
20-Feb-19,"1,220.60","1,220.10","1,225.80","1,214.60",-,0.04%
21-Feb-19,"1,221.20","1,220.60","1,226.10","1,213.80",-,0.05%
22-Feb-19,"1,236.90","1,221.20","1,237.50","1,221.20",-,1.29%
25-Feb-19,"1,243.00","1,236.90","1,251.50","1,236.90",-,0.49%
26-Feb-19,"1,245.40","1,243.00","1,249.00","1,238.90",-,0.20%
27-Feb-19,"1,244.20","1,245.40","1,245.60","1,231.60",-,-0.10%
28-Feb-19,"1,240.20","1,244.20","1,245.20","1,237.50",-,-0.32%
1-Mar-19,"1,249.00","1,240.20","1,252.20","1,239.20",-,0.71%
4-Mar-19,"1,244.20","1,249.00","1,257.30","1,230.80",-,-0.39%
5-Mar-19,"1,240.60","1,244.20","1,244.20","1,236.80",-,-0.29%
6-Mar-19,"1,233.80","1,240.60","1,240.90","1,232.40",-,-0.55%
7-Mar-19,"1,222.40","1,233.80","1,233.80","1,218.20",-,-0.92%
8-Mar-19,"1,222.10","1,222.40","1,222.90","1,205.70",-,-0.03%
11-Mar-19,"1,248.60","1,222.10","1,249.40","1,222.10",-,2.17%
12-Mar-19,"1,255.10","1,248.60","1,259.80","1,248.10",-,0.52%
13-Mar-19,"1,263.70","1,255.10","1,271.30","1,255.10",-,0.69%
14-Mar-19,"1,266.20","1,263.70","1,270.10","1,262.80",-,0.20%
15-Mar-19,"1,281.60","1,266.20","1,287.30","1,266.20",-,1.22%
18-Mar-19,"1,286.90","1,281.60","1,290.40","1,279.20",-,0.41%
19-Mar-19,"1,289.40","1,286.90","1,295.80","1,284.80",-,0.20%
20-Mar-19,"1,285.90","1,289.40","1,296.40","1,278.40",-,-0.28%
21-Mar-19,"1,317.70","1,285.90","1,321.10","1,285.90",-,2.47%
22-Mar-19,"1,286.80","1,317.70","1,317.70","1,286.70",-,-2.35%
25-Mar-19,"1,281.70","1,286.80","1,290.00","1,273.50",-,-0.40%
26-Mar-19,"1,288.80","1,281.70","1,300.90","1,281.50",-,0.56%
27-Mar-19,"1,281.80","1,288.80","1,295.20","1,270.10",-,-0.55%
28-Mar-19,"1,286.60","1,281.80","1,291.70","1,278.70",-,0.38%
29-Mar-19,"1,299.20","1,286.60","1,299.40","1,286.60",-,0.98%
1-Apr-19,"1,317.40","1,299.20","1,318.30","1,299.20",-,1.40%
2-Apr-19,"1,321.40","1,317.40","1,323.20","1,314.00",-,0.30%
3-Apr-19,"1,332.40","1,321.40","1,338.80","1,321.40",-,0.83%
4-Apr-19,"1,326.60","1,332.40","1,334.60","1,318.30",-,-0.44%
5-Apr-19,"1,332.20","1,326.60","1,333.50","1,326.60",-,0.43%
8-Apr-19,"1,337.60","1,332.20","1,337.80","1,323.70",-,0.41%
9-Apr-19,"1,330.60","1,337.60","1,337.60","1,328.30",-,-0.52%
10-Apr-19,"1,340.00","1,330.60","1,340.30","1,330.60",-,0.70%
11-Apr-19,"1,338.30","1,340.00","1,342.50","1,335.70",-,-0.12%
12-Apr-19,"1,347.60","1,338.30","1,347.70","1,338.30",-,0.69%
15-Apr-19,"1,347.10","1,347.60","1,350.80","1,340.10",-,-0.04%
16-Apr-19,"1,353.70","1,347.10","1,355.40","1,347.10",-,0.49%
17-Apr-19,"1,361.50","1,353.70","1,363.20","1,353.70",-,0.58%
18-Apr-19,"1,365.40","1,361.50","1,365.70","1,355.40",-,0.28%
22-Apr-19,"1,368.50","1,365.40","1,369.00","1,358.10",-,0.23%
23-Apr-19,"1,383.90","1,368.50","1,385.10","1,368.50",-,1.13%
24-Apr-19,"1,383.80","1,383.90","1,390.40","1,382.20",-,-0.01%
25-Apr-19,"1,383.80","1,383.80","1,394.40","1,376.70",-,0.00%
26-Apr-19,"1,378.90","1,383.80","1,383.80","1,364.20",-,-0.35%
29-Apr-19,"1,378.80","1,378.90","1,383.10","1,377.30",-,-0.01%
30-Apr-19,"1,381.80","1,378.80","1,383.00","1,370.70",-,0.21%
1-May-19,"1,378.00","1,381.80","1,398.50","1,377.90",-,-0.27%
2-May-19,"1,370.60","1,378.00","1,387.10","1,363.40",-,-0.54%
3-May-19,"1,383.60","1,370.60","1,384.30","1,370.60",-,0.95%
6-May-19,"1,372.30","1,383.60","1,383.60","1,346.10",-,-0.82%
7-May-19,"1,343.20","1,372.30","1,372.30","1,330.60",-,-2.12%
8-May-19,"1,341.00","1,343.20","1,352.20","1,336.10",-,-0.17%
9-May-19,"1,331.80","1,341.00","1,341.00","1,309.20",-,-0.68%
10-May-19,"1,334.20","1,331.80","1,340.80","1,303.30",-,0.18%
13-May-19,"1,284.70","1,334.20","1,334.20","1,280.90",-,-3.71%
14-May-19,"1,305.30","1,284.70","1,313.20","1,284.70",-,1.60%
15-May-19,"1,318.10","1,305.30","1,322.40","1,294.60",-,0.98%
16-May-19,"1,331.10","1,318.10","1,340.00","1,317.70",-,0.99%
17-May-19,"1,320.20","1,331.10","1,337.50","1,318.00",-,-0.82%
20-May-19,"1,297.20","1,320.20","1,320.20","1,290.40",-,-1.75%
21-May-19,"1,312.70","1,297.20","1,316.80","1,297.20",-,1.20%
22-May-19,"1,305.30","1,312.70","1,312.90","1,303.80",-,-0.57%
23-May-19,"1,282.70","1,305.30","1,305.30","1,273.40",-,-1.73%
24-May-19,"1,283.30","1,282.70","1,296.40","1,281.90",-,0.05%
28-May-19,"1,279.10","1,283.30","1,295.40","1,278.60",-,-0.33%
29-May-19,"1,271.40","1,279.10","1,279.10","1,263.40",-,-0.60%
30-May-19,"1,279.10","1,271.40","1,282.00","1,270.90",-,0.60%
31-May-19,"1,258.60","1,279.10","1,279.10","1,257.80",-,-1.60%
3-Jun-19,"1,236.50","1,258.60","1,266.90","1,227.90",-,-1.76%
4-Jun-19,"1,276.80","1,236.50","1,277.30","1,236.50",-,3.26%
5-Jun-19,"1,294.40","1,276.80","1,297.00","1,276.80",-,1.38%
6-Jun-19,"1,308.50","1,294.40","1,311.50","1,291.40",-,1.09%
7-Jun-19,"1,333.70","1,308.50","1,341.20","1,308.50",-,1.93%
10-Jun-19,"1,346.80","1,333.70","1,359.80","1,333.70",-,0.98%
11-Jun-19,"1,347.00","1,346.80","1,361.90","1,339.50",-,0.02%
12-Jun-19,"1,339.30","1,347.00","1,347.00","1,336.40",-,-0.58%
13-Jun-19,"1,342.20","1,339.30","1,347.80","1,338.40",-,0.22%
14-Jun-19,"1,331.10","1,342.20","1,342.20","1,326.00",-,-0.83%
17-Jun-19,"1,333.30","1,331.10","1,339.10","1,329.90",331.96M,0.17%
18-Jun-19,"1,356.20","1,333.30","1,363.40","1,333.30",454.42M,1.72%
19-Jun-19,"1,362.10","1,356.20","1,365.20","1,351.80",382.54M,0.44%
20-Jun-19,"1,381.60","1,362.10","1,386.10","1,362.10",433.02M,1.43%
21-Jun-19,"1,375.30","1,381.60","1,386.80","1,374.70",628.00M,-0.46%
24-Jun-19,"1,377.30","1,375.30","1,382.10","1,375.30",333.89M,0.15%
25-Jun-19,"1,352.00","1,377.30","1,378.20","1,350.70",379.60M,-1.84%
26-Jun-19,"1,366.80","1,352.00","1,376.10","1,352.00",460.62M,1.09%
27-Jun-19,"1,370.60","1,366.80","1,375.10","1,366.80",365.05M,0.28%
28-Jun-19,"1,372.60","1,370.60","1,376.10","1,366.00",640.79M,0.14%
1-Jul-19,"1,392.40","1,372.60","1,403.20","1,372.60",455.50M,1.45%
2-Jul-19,"1,396.40","1,392.40","1,396.50","1,388.20",324.96M,0.29%
3-Jul-19,"1,405.90","1,396.40","1,405.90","1,395.90",243.42M,0.68%
5-Jul-19,"1,403.20","1,405.90","1,405.90","1,389.50",265.53M,-0.19%
8-Jul-19,"1,392.90","1,403.20","1,403.20","1,386.10",332.82M,-0.73%
9-Jul-19,"1,397.30","1,392.90","1,398.20","1,384.80",345.16M,0.31%
10-Jul-19,"1,408.50","1,397.30","1,416.40","1,397.30",373.78M,0.80%
11-Jul-19,"1,413.30","1,408.50","1,419.00","1,408.50",351.76M,0.34%
12-Jul-19,"1,424.50","1,413.30","1,424.80","1,413.30",322.92M,0.80%
15-Jul-19,"1,428.80","1,424.50","1,430.50","1,424.50",328.97M,0.30%
16-Jul-19,"1,415.80","1,428.80","1,428.80","1,413.00",328.89M,-0.91%
17-Jul-19,"1,411.70","1,415.80","1,421.10","1,411.50",284.11M,-0.29%
18-Jul-19,"1,423.00","1,411.70","1,424.30","1,408.20",339.29M,0.81%
19-Jul-19,"1,415.10","1,423.00","1,435.30","1,414.80",378.51M,-0.55%
22-Jul-19,"1,432.40","1,415.10","1,435.60","1,415.10",341.05M,1.22%
23-Jul-19,"1,440.40","1,432.40","1,440.40","1,429.70",305.76M,0.56%
24-Jul-19,"1,452.80","1,440.40","1,452.80","1,439.80",354.72M,0.86%
25-Jul-19,"1,441.30","1,452.80","1,452.80","1,438.80",341.51M,-0.79%
26-Jul-19,"1,449.30","1,441.30","1,452.40","1,441.30",323.64M,0.56%
29-Jul-19,"1,448.60","1,449.30","1,451.00","1,437.40",340.82M,-0.05%
30-Jul-19,"1,438.50","1,448.60","1,448.60","1,435.50",339.38M,-0.70%
31-Jul-19,"1,417.30","1,438.50","1,448.30","1,402.90",601.83M,-1.47%
1-Aug-19,"1,409.80","1,417.30","1,449.60","1,403.20",556.77M,-0.53%
2-Aug-19,"1,386.10","1,409.80","1,409.80","1,374.50",497.37M,-1.68%
5-Aug-19,"1,329.70","1,386.10","1,386.10","1,318.60",565.73M,-4.07%
6-Aug-19,"1,351.10","1,329.70","1,355.70","1,329.70",416.05M,1.61%
7-Aug-19,"1,359.70","1,351.10","1,362.90","1,328.50",428.66M,0.64%
8-Aug-19,"1,392.20","1,359.70","1,392.40","1,359.70",497.71M,2.39%
9-Aug-19,"1,374.80","1,392.20","1,392.20","1,365.20",460.33M,-1.25%
12-Aug-19,"1,357.60","1,374.80","1,374.80","1,351.50",365.22M,-1.25%
13-Aug-19,"1,391.10","1,357.60","1,396.50","1,353.60",489.24M,2.47%
14-Aug-19,"1,347.80","1,391.10","1,391.10","1,344.60",503.50M,-3.11%
15-Aug-19,"1,345.30","1,347.80","1,351.90","1,334.30",430.75M,-0.19%
16-Aug-19,"1,370.60","1,345.30","1,373.80","1,345.30",404.69M,1.88%
19-Aug-19,"1,391.90","1,370.60","1,395.80","1,370.60",372.56M,1.56%
20-Aug-19,"1,384.60","1,391.90","1,396.70","1,384.50",304.16M,-0.53%
21-Aug-19,"1,400.90","1,384.60","1,404.40","1,384.60",279.34M,1.18%
22-Aug-19,"1,397.30","1,400.90","1,407.50","1,385.30",318.56M,-0.26%
23-Aug-19,"1,351.10","1,397.30","1,402.60","1,346.00",521.86M,-3.30%
26-Aug-19,"1,369.90","1,351.10","1,370.50","1,351.10",315.21M,1.39%
27-Aug-19,"1,368.10","1,369.90","1,381.20","1,360.30",341.79M,-0.13%
28-Aug-19,"1,369.40","1,368.10","1,371.30","1,351.20",296.79M,0.10%
29-Aug-19,"1,393.10","1,369.40","1,397.10","1,369.40",287.58M,1.73%
30-Aug-19,"1,393.30","1,393.10","1,403.20","1,382.80",296.63M,0.01%
3-Sep-19,"1,375.70","1,393.30","1,393.30","1,370.60",293.13M,-1.26%
4-Sep-19,"1,399.20","1,375.70","1,399.60","1,375.70",302.12M,1.71%
5-Sep-19,"1,428.90","1,399.20","1,433.90","1,399.20",404.56M,2.13%
6-Sep-19,"1,426.80","1,428.90","1,432.00","1,423.60",324.55M,-0.15%
9-Sep-19,"1,416.50","1,426.80","1,434.00","1,408.90",378.74M,-0.72%
10-Sep-19,"1,409.50","1,416.50","1,416.50","1,393.20",396.28M,-0.49%
11-Sep-19,"1,423.80","1,409.50","1,423.80","1,409.50",388.19M,1.01%
12-Sep-19,"1,430.90","1,423.80","1,442.60","1,423.80",428.26M,0.50%
13-Sep-19,"1,421.30","1,430.90","1,430.90","1,419.30",344.76M,-0.67%
16-Sep-19,"1,417.40","1,421.30","1,421.30","1,409.20",289.94M,-0.27%
17-Sep-19,"1,422.30","1,417.40","1,422.90","1,415.10",315.38M,0.35%
18-Sep-19,"1,423.30","1,422.30","1,423.60","1,403.60",316.40M,0.07%
19-Sep-19,"1,426.30","1,423.30","1,438.80","1,423.30",317.86M,0.21%
20-Sep-19,"1,410.30","1,426.30","1,430.60","1,406.30",650.44M,-1.12%
23-Sep-19,"1,413.60","1,410.30","1,417.70","1,406.50",312.36M,0.23%
24-Sep-19,"1,399.10","1,413.60","1,428.20","1,393.90",435.66M,-1.03%
25-Sep-19,"1,416.40","1,399.10","1,420.10","1,385.30",345.85M,1.24%
26-Sep-19,"1,417.00","1,416.40","1,422.80","1,407.20",306.52M,0.04%
27-Sep-19,"1,398.80","1,417.00","1,421.00","1,388.70",399.49M,-1.28%
30-Sep-19,"1,413.40","1,398.80","1,417.10","1,398.80",350.85M,1.04%
1-Oct-19,"1,401.30","1,413.40","1,429.40","1,400.40",352.07M,-0.85%
2-Oct-19,"1,373.60","1,401.30","1,401.30","1,364.10",393.14M,-1.98%
3-Oct-19,"1,390.60","1,373.60","1,391.20","1,356.40",351.01M,1.24%
4-Oct-19,"1,414.40","1,390.60","1,415.30","1,390.60",333.21M,1.71%
7-Oct-19,"1,407.60","1,414.40","1,419.10","1,406.70",286.05M,-0.48%
8-Oct-19,"1,382.10","1,407.60","1,407.60","1,382.00",354.91M,-1.82%
9-Oct-19,"1,402.10","1,382.10","1,407.20","1,382.10",261.58M,1.45%
10-Oct-19,"1,411.10","1,402.10","1,417.30","1,400.10",299.23M,0.64%
11-Oct-19,"1,432.10","1,411.10","1,443.90","1,411.10",405.84M,1.49%
14-Oct-19,"1,430.70","1,432.10","1,436.60","1,429.90",258.14M,-0.10%
15-Oct-19,"1,446.50","1,430.70","1,449.80","1,430.70",295.68M,1.10%
16-Oct-19,"1,436.20","1,446.50","1,446.50","1,431.10",303.48M,-0.71%
17-Oct-19,"1,432.90","1,436.20","1,444.90","1,426.00",270.01M,-0.23%
18-Oct-19,"1,419.80","1,432.90","1,433.60","1,410.90",341.31M,-0.91%
21-Oct-19,"1,435.00","1,419.80","1,435.40","1,419.80",308.31M,1.07%
22-Oct-19,"1,415.30","1,435.00","1,442.80","1,414.80",298.37M,-1.37%
23-Oct-19,"1,417.00","1,415.30","1,417.10","1,408.40",319.88M,0.12%
24-Oct-19,"1,438.00","1,417.00","1,438.80","1,417.00",350.12M,1.48%
25-Oct-19,"1,455.20","1,438.00","1,456.70","1,437.40",363.34M,1.20%
28-Oct-19,"1,473.60","1,455.20","1,474.30","1,455.20",348.90M,1.26%
29-Oct-19,"1,460.10","1,473.60","1,475.10","1,459.80",351.91M,-0.92%
30-Oct-19,"1,469.00","1,460.10","1,470.00","1,455.40",317.84M,0.61%
31-Oct-19,"1,467.20","1,469.00","1,472.60","1,458.70",388.89M,-0.12%
1-Nov-19,"1,485.10","1,467.20","1,485.10","1,467.20",397.10M,1.22%
4-Nov-19,"1,493.20","1,485.10","1,497.90","1,485.10",373.91M,0.55%
5-Nov-19,"1,491.00","1,493.20","1,498.10","1,486.40",388.83M,-0.14%
6-Nov-19,"1,490.80","1,491.00","1,491.30","1,483.10",392.16M,-0.01%
7-Nov-19,"1,500.80","1,490.80","1,509.20","1,490.80",375.22M,0.67%
8-Nov-19,"1,509.60","1,500.80","1,509.60","1,491.50",288.37M,0.59%
11-Nov-19,"1,510.50","1,509.60","1,512.40","1,499.40",269.19M,0.06%
12-Nov-19,"1,514.90","1,510.50","1,520.90","1,509.00",329.14M,0.29%
13-Nov-19,"1,518.70","1,514.90","1,519.90","1,509.10",341.80M,0.25%
14-Nov-19,"1,516.70","1,518.70","1,518.70","1,508.40",382.76M,-0.13%
15-Nov-19,"1,529.40","1,516.70","1,529.40","1,516.70",413.43M,0.84%
18-Nov-19,"1,533.30","1,529.40","1,535.80","1,522.70",345.58M,0.25%
19-Nov-19,"1,537.00","1,533.30","1,541.10","1,531.10",382.01M,0.24%
20-Nov-19,"1,525.90","1,537.00","1,537.00","1,514.90",386.42M,-0.72%
21-Nov-19,"1,518.50","1,525.90","1,525.90","1,515.30",360.57M,-0.48%
22-Nov-19,"1,516.70","1,518.50","1,525.20","1,510.60",284.57M,-0.12%
25-Nov-19,"1,538.30","1,516.70","1,538.30","1,516.70",328.08M,1.43%
26-Nov-19,"1,539.40","1,538.30","1,543.60","1,537.10",456.32M,0.07%
27-Nov-19,"1,548.20","1,539.40","1,548.40","1,539.40",272.62M,0.57%
29-Nov-19,"1,543.00","1,548.20","1,548.20","1,541.60",153.57M,-0.34%
2-Dec-19,"1,521.40","1,543.00","1,544.10","1,515.40",322.91M,-1.40%
3-Dec-19,"1,508.50","1,521.40","1,521.40","1,491.40",377.99M,-0.85%
4-Dec-19,"1,513.90","1,508.50","1,518.70","1,508.50",323.73M,0.35%
5-Dec-19,"1,519.80","1,513.90","1,521.10","1,512.90",304.81M,0.39%
6-Dec-19,"1,536.80","1,519.80","1,538.00","1,519.80",291.20M,1.12%
9-Dec-19,"1,529.40","1,536.80","1,539.00","1,528.90",297.14M,-0.48%
10-Dec-19,"1,529.40","1,529.40","1,537.80","1,526.10",309.47M,0.00%
11-Dec-19,"1,540.20","1,529.40","1,541.10","1,529.40",315.00M,0.71%
12-Dec-19,"1,556.90","1,540.20","1,558.60","1,531.90",464.18M,1.08%
13-Dec-19,"1,566.90","1,556.90","1,570.10","1,551.90",414.92M,0.64%
16-Dec-19,"1,580.50","1,566.90","1,586.10","1,566.90",407.18M,0.87%
17-Dec-19,"1,577.80","1,580.50","1,583.30","1,575.00",355.87M,-0.17%
18-Dec-19,"1,576.80","1,577.80","1,583.00","1,576.70",370.59M,-0.06%
19-Dec-19,"1,588.00","1,576.80","1,588.30","1,576.80",376.62M,0.71%
20-Dec-19,"1,597.00","1,588.00","1,599.00","1,588.00",720.45M,0.57%
23-Dec-19,"1,601.90","1,597.00","1,605.60","1,597.00",317.08M,0.30%
24-Dec-19,"1,602.50","1,601.90","1,604.20","1,598.70",138.88M,0.04%
26-Dec-19,"1,614.30","1,602.50","1,614.40","1,602.50",221.79M,0.74%
27-Dec-19,"1,614.70","1,614.30","1,620.00","1,610.10",238.04M,0.02%
30-Dec-19,"1,605.20","1,614.70","1,614.70","1,592.40",250.26M,-0.59%
31-Dec-19,"1,611.20","1,605.20","1,611.60","1,597.30",238.51M,0.38%
2-Jan-20,"1,639.10","1,611.20","1,639.50","1,611.20",372.41M,1.73%
3-Jan-20,"1,621.70","1,639.10","1,639.10","1,615.90",334.21M,-1.06%
6-Jan-20,"1,626.40","1,621.70","1,626.70","1,602.40",339.78M,0.29%
7-Jan-20,"1,624.60","1,626.40","1,632.30","1,622.30",382.70M,-0.11%
8-Jan-20,"1,641.40","1,624.60","1,648.40","1,623.20",372.78M,1.03%
9-Jan-20,"1,659.90","1,641.40","1,661.10","1,641.40",374.92M,1.13%
10-Jan-20,"1,656.80","1,659.90","1,669.60","1,653.70",323.40M,-0.19%
13-Jan-20,"1,679.10","1,656.80","1,679.10","1,656.80",335.76M,1.34%
14-Jan-20,"1,669.10","1,679.10","1,680.90","1,666.70",350.82M,-0.60%
15-Jan-20,"1,670.30","1,669.10","1,679.00","1,665.40",328.28M,0.07%
16-Jan-20,"1,693.70","1,670.30","1,693.80","1,670.30",346.83M,1.40%
17-Jan-20,"1,705.80","1,693.70","1,706.30","1,692.40",436.20M,0.71%
21-Jan-20,"1,704.30","1,705.80","1,714.00","1,699.20",413.87M,-0.08%
22-Jan-20,"1,710.60","1,704.30","1,722.30","1,704.30",352.58M,0.37%
23-Jan-20,"1,718.80","1,710.60","1,719.30","1,705.00",350.12M,0.48%
24-Jan-20,"1,711.10","1,718.80","1,735.00","1,704.50",453.66M,-0.45%
27-Jan-20,"1,670.70","1,711.10","1,711.10","1,663.20",397.93M,-2.36%
28-Jan-20,"1,702.00","1,670.70","1,706.20","1,670.70",374.14M,1.87%
29-Jan-20,"1,705.60","1,702.00","1,717.90","1,699.30",438.04M,0.21%
30-Jan-20,"1,720.70","1,705.60","1,721.80","1,695.20",426.14M,0.88%
31-Jan-20,"1,673.90","1,720.70","1,720.70","1,667.80",487.83M,-2.72%
3-Feb-20,"1,696.00","1,673.90","1,699.50","1,672.60",381.72M,1.32%
4-Feb-20,"1,740.10","1,696.00","1,743.60","1,696.00",377.58M,2.60%
5-Feb-20,"1,750.60","1,740.10","1,768.20","1,737.50",391.16M,0.60%
6-Feb-20,"1,766.00","1,750.60","1,766.20","1,749.00",338.83M,0.88%
7-Feb-20,"1,748.70","1,766.00","1,766.00","1,744.80",362.90M,-0.98%
10-Feb-20,"1,772.40","1,748.70","1,772.50","1,737.70",360.60M,1.35%
11-Feb-20,"1,766.30","1,772.40","1,787.10","1,760.90",405.42M,-0.34%
12-Feb-20,"1,785.00","1,766.30","1,785.90","1,766.30",423.36M,1.06%
13-Feb-20,"1,779.70","1,785.00","1,789.70","1,768.70",415.69M,-0.30%
14-Feb-20,"1,788.50","1,779.70","1,791.00","1,778.30",351.70M,0.49%
18-Feb-20,"1,782.20","1,788.50","1,788.50","1,771.80",374.18M,-0.35%
19-Feb-20,"1,801.60","1,782.20","1,804.20","1,782.20",361.96M,1.09%
20-Feb-20,"1,783.40","1,801.60","1,801.90","1,758.90",411.83M,-1.01%
21-Feb-20,"1,743.30","1,783.40","1,783.40","1,732.40",460.97M,-2.25%
24-Feb-20,"1,670.30","1,743.30","1,743.30","1,645.50",575.19M,-4.19%
25-Feb-20,"1,617.20","1,670.30","1,691.20","1,611.10",673.60M,-3.18%
26-Feb-20,"1,623.60","1,617.20","1,659.30","1,612.20",565.51M,0.40%
27-Feb-20,"1,537.10","1,623.60","1,623.60","1,536.00",766.54M,-5.33%
28-Feb-20,"1,549.20","1,537.10","1,561.70","1,476.20",952.51M,0.79%
2-Mar-20,"1,637.60","1,549.20","1,638.10","1,548.50",715.75M,5.70%
3-Mar-20,"1,575.50","1,637.60","1,657.20","1,559.60",754.10M,-3.79%
4-Mar-20,"1,643.00","1,575.50","1,643.90","1,575.50",553.00M,4.28%
5-Mar-20,"1,590.20","1,643.00","1,643.00","1,581.00",538.48M,-3.21%
6-Mar-20,"1,557.90","1,590.20","1,590.20","1,515.30",680.99M,-2.03%
9-Mar-20,"1,440.20","1,557.90","1,557.90","1,439.10",723.05M,-7.56%
10-Mar-20,"1,535.20","1,440.20","1,535.80","1,440.20",680.23M,6.60%
11-Mar-20,"1,463.00","1,535.20","1,535.20","1,441.70",715.00M,-4.70%
12-Mar-20,"1,319.10","1,463.00","1,463.00","1,318.60",903.13M,-9.84%
13-Mar-20,"1,476.90","1,319.10","1,477.20","1,319.10",835.37M,11.96%
16-Mar-20,"1,271.40","1,476.90","1,476.90","1,267.20",810.34M,-13.91%
17-Mar-20,"1,357.50","1,271.40","1,372.70","1,260.10",813.10M,6.77%
18-Mar-20,"1,295.20","1,357.50","1,357.50","1,231.00",833.47M,-4.59%
19-Mar-20,"1,309.60","1,295.20","1,353.80","1,263.30",748.17M,1.11%
20-Mar-20,"1,251.70","1,309.60","1,348.10","1,247.60",846.44M,-4.42%
23-Mar-20,"1,239.40","1,251.70","1,269.60","1,198.70",783.85M,-0.98%
24-Mar-20,"1,367.10","1,239.40","1,367.10","1,239.40",796.01M,10.30%
25-Mar-20,"1,363.30","1,367.10","1,426.30","1,337.90",751.97M,-0.28%
26-Mar-20,"1,449.80","1,363.30","1,451.80","1,363.30",682.74M,6.35%
27-Mar-20,"1,383.00","1,449.80","1,449.80","1,381.10",571.98M,-4.61%
30-Mar-20,"1,441.60","1,383.00","1,443.70","1,383.00",529.30M,4.23%
31-Mar-20,"1,414.40","1,441.60","1,463.40","1,406.90",659.47M,-1.89%
1-Apr-20,"1,347.70","1,414.40","1,414.40","1,336.50",575.90M,-4.71%
2-Apr-20,"1,378.40","1,347.70","1,379.20","1,336.50",540.72M,2.28%
3-Apr-20,"1,355.60","1,378.40","1,386.10","1,339.40",457.23M,-1.65%
6-Apr-20,"1,474.60","1,355.60","1,481.30","1,355.60",617.67M,8.78%
7-Apr-20,"1,458.90","1,474.60","1,523.80","1,457.30",618.86M,-1.06%
8-Apr-20,"1,499.00","1,458.90","1,503.50","1,458.90",477.42M,2.74%
9-Apr-20,"1,499.20","1,499.00","1,523.20","1,488.10",550.91M,0.02%
13-Apr-20,"1,502.20","1,499.20","1,503.30","1,471.40",412.29M,0.20%
14-Apr-20,"1,564.90","1,502.20","1,566.30","1,502.20",501.26M,4.17%
15-Apr-20,"1,530.70","1,564.90","1,564.90","1,519.10",439.25M,-2.19%
16-Apr-20,"1,549.70","1,530.70","1,552.80","1,524.00",519.66M,1.24%
17-Apr-20,"1,571.00","1,549.70","1,575.80","1,547.30",525.70M,1.38%
20-Apr-20,"1,543.00","1,571.00","1,571.00","1,542.70",444.81M,-1.78%
21-Apr-20,"1,479.70","1,543.00","1,543.00","1,470.80",579.79M,-4.10%
22-Apr-20,"1,536.90","1,479.70","1,543.80","1,479.70",422.97M,3.87%
23-Apr-20,"1,526.30","1,536.90","1,557.60","1,525.20",423.46M,-0.69%
24-Apr-20,"1,558.50","1,526.30","1,558.50","1,523.00",435.13M,2.11%
27-Apr-20,"1,572.70","1,558.50","1,577.30","1,558.50",389.98M,0.91%
28-Apr-20,"1,550.60","1,572.70","1,593.20","1,549.20",440.24M,-1.41%
29-Apr-20,"1,616.00","1,550.60","1,620.20","1,550.60",552.16M,4.22%
30-Apr-20,"1,608.60","1,616.00","1,616.60","1,595.80",497.34M,-0.46%
1-May-20,"1,561.70","1,608.60","1,608.60","1,557.00",472.50M,-2.92%
4-May-20,"1,583.90","1,561.70","1,584.90","1,549.10",375.42M,1.42%
5-May-20,"1,606.50","1,583.90","1,626.10","1,583.90",381.64M,1.42%
6-May-20,"1,617.90","1,606.50","1,633.40","1,606.50",368.55M,0.71%
7-May-20,"1,642.40","1,617.90","1,651.00","1,617.90",391.89M,1.52%
8-May-20,"1,665.40","1,642.40","1,665.70","1,642.40",369.02M,1.40%
11-May-20,"1,677.00","1,665.40","1,685.90","1,650.50",389.64M,0.70%
12-May-20,"1,641.20","1,677.00","1,687.80","1,640.60",391.60M,-2.14%
13-May-20,"1,613.50","1,641.20","1,654.60","1,592.10",510.45M,-1.69%
14-May-20,"1,633.80","1,613.50","1,634.20","1,584.60",489.36M,1.26%
15-May-20,"1,640.70","1,633.80","1,642.10","1,603.30",552.25M,0.42%
18-May-20,"1,682.70","1,640.70","1,691.70","1,640.70",434.33M,2.56%
19-May-20,"1,675.90","1,682.70","1,701.90","1,675.40",387.28M,-0.40%
20-May-20,"1,711.40","1,675.90","1,714.70","1,675.90",401.61M,2.12%
21-May-20,"1,687.40","1,711.40","1,715.10","1,686.70",345.54M,-1.40%
22-May-20,"1,694.50","1,687.40","1,695.50","1,678.40",312.53M,0.42%
26-May-20,"1,692.50","1,694.50","1,728.30","1,690.70",430.34M,-0.12%
27-May-20,"1,701.70","1,692.50","1,702.20","1,656.30",529.80M,0.54%
28-May-20,"1,698.40","1,701.70","1,729.40","1,694.20",471.08M,-0.19%
29-May-20,"1,718.50","1,698.40","1,723.50","1,689.90",637.24M,1.18%
1-Jun-20,"1,718.90","1,718.50","1,722.70","1,704.50",331.16M,0.02%
2-Jun-20,"1,735.00","1,718.90","1,735.30","1,706.60",414.61M,0.94%
3-Jun-20,"1,749.30","1,735.00","1,753.70","1,735.00",401.55M,0.82%
4-Jun-20,"1,734.60","1,749.30","1,754.10","1,724.80",394.31M,-0.84%
5-Jun-20,"1,781.20","1,734.60","1,785.20","1,734.60",487.35M,2.69%
8-Jun-20,"1,789.20","1,781.20","1,789.50","1,760.70",382.23M,0.45%
9-Jun-20,"1,797.80","1,789.20","1,806.20","1,778.20",413.25M,0.48%
10-Jun-20,"1,828.20","1,797.80","1,841.00","1,797.80",453.21M,1.69%
11-Jun-20,"1,722.00","1,828.20","1,828.20","1,721.70",572.86M,-5.81%
12-Jun-20,"1,745.10","1,722.00","1,776.80","1,714.50",490.74M,1.34%
15-Jun-20,"1,760.30","1,745.10","1,769.00","1,707.70",417.70M,0.87%
16-Jun-20,"1,798.30","1,760.30","1,814.40","1,760.30",453.93M,2.16%
17-Jun-20,"1,798.80","1,798.30","1,815.60","1,796.40",355.60M,0.03%
18-Jun-20,"1,807.50","1,798.80","1,808.60","1,792.80",333.89M,0.48%
19-Jun-20,"1,793.70","1,807.50","1,830.40","1,785.70",701.62M,-0.76%
22-Jun-20,"1,828.30","1,793.70","1,829.20","1,793.70",368.92M,1.93%
23-Jun-20,"1,841.10","1,828.30","1,861.70","1,828.30",418.57M,0.70%
24-Jun-20,"1,798.90","1,841.10","1,843.70","1,789.80",446.80M,-2.29%
25-Jun-20,"1,822.30","1,798.90","1,824.20","1,783.30",371.12M,1.30%
26-Jun-20,"1,785.70","1,822.30","1,822.30","1,781.50",687.71M,-2.01%
29-Jun-20,"1,805.50","1,785.70","1,806.20","1,765.20",352.91M,1.11%
30-Jun-20,"1,840.10","1,805.50","1,845.80","1,805.00",433.62M,1.92%
1-Jul-20,"1,842.00","1,840.10","1,852.30","1,831.50",346.73M,0.10%
2-Jul-20,"1,851.30","1,842.00","1,868.70","1,842.00",321.71M,0.50%
6-Jul-20,"1,884.70","1,851.30","1,893.30","1,851.30",343.36M,1.80%
7-Jul-20,"1,864.80","1,884.70","1,901.20","1,863.00",334.30M,-1.06%
8-Jul-20,"1,894.70","1,864.80","1,894.90","1,864.80",322.41M,1.60%
9-Jul-20,"1,901.80","1,894.70","1,910.60","1,875.30",417.79M,0.38%
10-Jul-20,"1,901.30","1,901.80","1,902.10","1,879.30",325.81M,-0.03%
13-Jul-20,"1,861.00","1,901.30","1,930.10","1,857.40",452.93M,-2.12%
14-Jul-20,"1,883.30","1,861.00","1,885.90","1,827.70",418.66M,1.20%
15-Jul-20,"1,893.30","1,883.30","1,909.40","1,871.40",365.89M,0.53%
16-Jul-20,"1,870.10","1,893.30","1,893.30","1,855.70",304.40M,-1.22%
17-Jul-20,"1,879.10","1,870.10","1,884.20","1,862.40",310.58M,0.48%
20-Jul-20,"1,927.70","1,879.10","1,930.90","1,874.40",324.50M,2.58%
21-Jul-20,"1,907.20","1,927.70","1,939.90","1,901.30",352.79M,-1.06%
22-Jul-20,"1,923.00","1,907.20","1,929.20","1,907.20",437.77M,0.83%
23-Jul-20,"1,872.40","1,923.00","1,925.70","1,865.20",513.83M,-2.63%
24-Jul-20,"1,850.20","1,872.40","1,872.40","1,821.00",705.00M,-1.19%
27-Jul-20,"1,880.00","1,850.20","1,881.50","1,850.20",477.15M,1.61%
28-Jul-20,"1,857.10","1,880.00","1,880.00","1,856.60",410.72M,-1.22%
29-Jul-20,"1,884.90","1,857.10","1,889.70","1,857.10",477.71M,1.50%
30-Jul-20,"1,894.90","1,884.90","1,896.10","1,857.80",452.20M,0.53%
31-Jul-20,"1,942.40","1,894.90","1,942.80","1,894.00",552.04M,2.50%
3-Aug-20,"1,990.70","1,942.40","1,996.30","1,942.40",481.54M,2.49%
4-Aug-20,"1,995.10","1,990.70","1,995.30","1,978.00",495.60M,0.22%
5-Aug-20,"2,002.00","1,995.10","2,007.30","1,993.10",371.12M,0.35%
6-Aug-20,"2,031.20","2,002.00","2,032.60","1,996.60",416.69M,1.46%
7-Aug-20,"1,999.40","2,031.20","2,031.20","1,983.80",410.32M,-1.56%
10-Aug-20,"1,992.90","1,999.40","2,006.40","1,967.00",429.40M,-0.33%
11-Aug-20,"1,957.30","1,992.90","1,995.40","1,953.70",447.41M,-1.78%
12-Aug-20,"2,002.60","1,957.30","2,006.90","1,957.30",413.70M,2.31%
13-Aug-20,"2,003.50","2,002.60","2,019.60","1,995.90",474.54M,0.04%
14-Aug-20,"2,001.50","2,003.50","2,006.90","1,990.50",326.77M,-0.10%
17-Aug-20,"2,015.00","2,001.50","2,019.40","2,001.50",318.94M,0.67%
18-Aug-20,"2,022.90","2,015.00","2,027.90","2,005.60",324.12M,0.39%
19-Aug-20,"2,017.40","2,022.90","2,035.50","2,015.50",350.94M,-0.27%
20-Aug-20,"2,046.40","2,017.40","2,049.80","2,009.50",376.08M,1.44%
21-Aug-20,"2,071.20","2,046.40","2,074.00","2,046.40",461.53M,1.21%
24-Aug-20,"2,089.30","2,071.20","2,102.40","2,071.20",392.53M,0.87%
25-Aug-20,"2,100.20","2,089.30","2,101.00","2,082.20",375.10M,0.52%
26-Aug-20,"2,143.20","2,100.20","2,148.70","2,100.20",441.28M,2.05%
27-Aug-20,"2,143.80","2,143.20","2,161.60","2,125.60",409.81M,0.03%
28-Aug-20,"2,164.40","2,143.80","2,170.30","2,143.80",382.63M,0.96%
31-Aug-20,"2,172.20","2,164.40","2,184.50","2,158.60",662.71M,0.36%
1-Sep-20,"2,212.50","2,172.20","2,214.30","2,172.20",493.62M,1.86%
2-Sep-20,"2,232.90","2,212.50","2,239.90","2,192.40",629.37M,0.92%
3-Sep-20,"2,102.80","2,232.90","2,232.90","2,086.80",788.66M,-5.83%
4-Sep-20,"2,074.50","2,102.80","2,122.10","1,986.20",862.76M,-1.34%
8-Sep-20,"1,979.30","2,074.50","2,074.50","1,977.10",701.77M,-4.59%
9-Sep-20,"2,045.50","1,979.30","2,065.40","1,979.30",576.67M,3.35%
10-Sep-20,"1,999.00","2,045.50","2,075.50","1,987.20",546.68M,-2.28%
11-Sep-20,"1,984.00","1,999.00","2,024.70","1,958.80",585.37M,-0.75%
14-Sep-20,"2,025.10","1,984.00","2,036.10","1,984.00",541.22M,2.07%
15-Sep-20,"2,045.30","2,025.10","2,059.60","2,025.10",524.34M,1.00%
16-Sep-20,"2,013.40","2,045.30","2,056.30","2,012.60",496.95M,-1.56%
17-Sep-20,"1,996.40","2,013.40","2,013.40","1,965.80",555.73M,-0.84%
18-Sep-20,"1,963.30","1,996.40","2,003.80","1,938.80",870.57M,-1.66%
21-Sep-20,"1,978.10","1,963.30","1,978.50","1,920.30",621.62M,0.76%
22-Sep-20,"2,010.70","1,978.10","2,014.80","1,967.10",499.70M,1.65%
23-Sep-20,"1,946.10","2,010.70","2,012.80","1,941.00",497.28M,-3.21%
24-Sep-20,"1,958.20","1,946.10","1,982.20","1,926.30",513.31M,0.62%
25-Sep-20,"2,005.20","1,958.20","2,010.70","1,947.20",463.72M,2.40%
28-Sep-20,"2,042.30","2,005.20","2,043.20","2,005.20",473.57M,1.85%
29-Sep-20,"2,036.10","2,042.30","2,049.10","2,032.40",408.63M,-0.30%
30-Sep-20,"2,054.60","2,036.10","2,074.30","2,034.70",553.29M,0.91%
1-Oct-20,"2,074.30","2,054.60","2,084.40","2,054.60",438.38M,0.96%
2-Oct-20,"2,021.40","2,074.30","2,074.30","2,014.30",460.18M,-2.55%
5-Oct-20,"2,067.20","2,021.40","2,067.50","2,021.40",404.12M,2.27%
6-Oct-20,"2,034.20","2,067.20","2,080.90","2,027.80",497.65M,-1.59%
7-Oct-20,"2,072.80","2,034.20","2,075.50","2,034.20",381.10M,1.89%
8-Oct-20,"2,082.00","2,072.80","2,089.80","2,072.80",389.14M,0.45%
9-Oct-20,"2,114.10","2,082.00","2,114.20","2,082.00",452.42M,1.54%
12-Oct-20,"2,171.50","2,114.10","2,185.90","2,114.10",574.51M,2.72%
13-Oct-20,"2,157.80","2,171.50","2,182.70","2,149.80",566.89M,-0.63%
14-Oct-20,"2,146.00","2,157.80","2,174.50","2,130.20",428.04M,-0.55%
15-Oct-20,"2,136.50","2,146.00","2,146.00","2,106.20",375.89M,-0.44%
16-Oct-20,"2,130.50","2,136.50","2,156.90","2,129.70",415.90M,-0.28%
19-Oct-20,"2,090.60","2,130.50","2,149.70","2,085.40",442.75M,-1.88%
20-Oct-20,"2,098.60","2,090.60","2,120.60","2,086.00",409.21M,0.38%
21-Oct-20,"2,095.80","2,098.60","2,115.40","2,091.40",373.96M,-0.13%
22-Oct-20,"2,085.90","2,095.80","2,103.00","2,062.10",400.33M,-0.47%
23-Oct-20,"2,083.50","2,085.90","2,087.30","2,066.30",431.23M,-0.12%
26-Oct-20,"2,038.30","2,083.50","2,083.50","2,013.40",519.54M,-2.17%
27-Oct-20,"2,048.90","2,038.30","2,056.80","2,037.30",589.46M,0.52%
28-Oct-20,"1,960.20","2,048.90","2,048.90","1,958.50",633.99M,-4.33%
29-Oct-20,"1,997.30","1,960.20","2,016.90","1,960.20",544.56M,1.89%
30-Oct-20,"1,948.70","1,997.30","1,997.30","1,927.60",606.74M,-2.44%
2-Nov-20,"1,955.30","1,948.70","1,980.50","1,936.10",467.44M,0.34%
3-Nov-20,"1,990.60","1,955.30","2,006.40","1,955.30",450.06M,1.80%
4-Nov-20,"2,066.90","1,990.60","2,081.70","1,990.60",570.29M,3.83%
5-Nov-20,"2,131.40","2,068.80","2,136.50","2,068.80",512.53M,3.12%
6-Nov-20,"2,137.70","2,131.40","2,143.40","2,096.00",440.26M,0.30%
9-Nov-20,"2,122.10","2,137.70","2,202.50","2,119.50",676.06M,-0.73%
10-Nov-20,"2,081.00","2,122.10","2,122.10","2,065.20",573.98M,-1.94%
11-Nov-20,"2,131.20","2,081.00","2,136.80","2,081.00",442.26M,2.41%
12-Nov-20,"2,111.10","2,131.20","2,141.30","2,102.80",418.19M,-0.94%
13-Nov-20,"2,129.20","2,111.10","2,134.30","2,108.30",378.73M,0.86%
16-Nov-20,"2,150.00","2,129.20","2,154.40","2,125.10",449.86M,0.98%
17-Nov-20,"2,138.20","2,150.00","2,150.00","2,129.90",365.06M,-0.55%
18-Nov-20,"2,114.40","2,138.20","2,143.90","2,113.90",388.92M,-1.11%
19-Nov-20,"2,132.10","2,114.40","2,135.10","2,100.80",387.84M,0.84%
20-Nov-20,"2,109.70","2,132.10","2,134.20","2,109.30",367.10M,-1.05%
23-Nov-20,"2,109.00","2,109.70","2,129.80","2,091.40",454.31M,-0.03%
24-Nov-20,"2,138.20","2,109.00","2,142.30","2,101.90",480.69M,1.39%
25-Nov-20,"2,143.00","2,138.20","2,151.90","2,135.30",398.70M,0.22%
27-Nov-20,"2,153.90","2,143.00","2,163.50","2,143.00",212.91M,0.51%
30-Nov-20,"2,168.10","2,153.90","2,171.40","2,130.00",674.93M,0.66%
1-Dec-20,"2,198.70","2,168.10","2,208.70","2,168.10",564.45M,1.41%
2-Dec-20,"2,193.90","2,198.70","2,198.70","2,171.20",474.35M,-0.22%
3-Dec-20,"2,191.60","2,193.90","2,206.90","2,186.00",429.13M,-0.10%
4-Dec-20,"2,213.90","2,191.60","2,213.90","2,190.60",435.58M,1.02%
7-Dec-20,"2,219.80","2,213.90","2,226.60","2,211.20",420.50M,0.26%
8-Dec-20,"2,227.40","2,219.80","2,234.10","2,208.60",372.88M,0.35%
9-Dec-20,"2,185.60","2,227.40","2,232.70","2,177.00",483.44M,-1.88%
10-Dec-20,"2,187.20","2,185.60","2,197.80","2,166.70",394.70M,0.07%
11-Dec-20,"2,182.20","2,187.20","2,187.20","2,158.30",405.06M,-0.23%
14-Dec-20,"2,191.20","2,182.20","2,210.20","2,182.20",416.22M,0.41%
15-Dec-20,"2,226.50","2,191.20","2,226.80","2,191.20",474.87M,1.61%
16-Dec-20,"2,243.10","2,226.50","2,250.10","2,223.10",412.58M,0.74%
17-Dec-20,"2,259.80","2,243.10","2,265.20","2,243.10",395.64M,0.75%
18-Dec-20,"2,252.10","2,259.80","2,263.70","2,237.60",867.51M,-0.34%
21-Dec-20,"2,253.70","2,252.10","2,255.10","2,203.80",487.99M,0.07%
22-Dec-20,"2,273.10","2,253.70","2,283.90","2,253.70",451.98M,0.86%
23-Dec-20,"2,253.80","2,273.10","2,278.10","2,253.20",318.58M,-0.85%
24-Dec-20,"2,270.60","2,253.80","2,277.10","2,253.80",170.55M,0.75%
28-Dec-20,"2,297.00","2,270.60","2,301.80","2,270.60",341.58M,1.16%
29-Dec-20,"2,285.00","2,297.00","2,313.40","2,282.40",400.18M,-0.52%
30-Dec-20,"2,284.50","2,285.00","2,299.60","2,282.00",335.16M,-0.02%
31-Dec-20,"2,291.30","2,284.50","2,294.60","2,269.90",347.66M,0.30%
4-Jan-21,"2,250.20","2,291.30","2,300.90","2,220.90",568.03M,-1.79%
5-Jan-21,"2,265.90","2,250.20","2,268.60","2,244.70",414.18M,0.70%
6-Jan-21,"2,225.00","2,265.90","2,269.00","2,218.80",540.42M,-1.81%
7-Jan-21,"2,284.00","2,225.00","2,289.80","2,225.00",474.93M,2.65%
8-Jan-21,"2,301.20","2,284.00","2,306.50","2,274.40",475.26M,0.75%
11-Jan-21,"2,279.50","2,301.20","2,301.20","2,272.20",430.34M,-0.94%
12-Jan-21,"2,269.80","2,279.50","2,281.00","2,248.50",437.28M,-0.43%
13-Jan-21,"2,284.60","2,269.80","2,291.90","2,269.00",508.29M,0.65%
14-Jan-21,"2,263.00","2,284.60","2,294.70","2,261.20",522.50M,-0.95%
15-Jan-21,"2,240.90","2,263.00","2,271.60","2,237.10",514.28M,-0.97%
19-Jan-21,"2,270.30","2,240.90","2,273.70","2,240.90",460.00M,1.31%
20-Jan-21,"2,316.00","2,270.30","2,323.50","2,270.30",430.28M,2.02%
21-Jan-21,"2,346.60","2,316.00","2,354.10","2,316.00",502.81M,1.32%
22-Jan-21,"2,339.10","2,346.60","2,349.50","2,332.20",549.32M,-0.32%
25-Jan-21,"2,359.60","2,339.10","2,374.80","2,301.50",570.23M,0.88%
26-Jan-21,"2,359.80","2,359.60","2,371.20","2,351.40",455.18M,0.01%
27-Jan-21,"2,314.40","2,359.80","2,359.80","2,295.40",718.49M,-1.92%
28-Jan-21,"2,324.90","2,314.40","2,363.70","2,314.40",572.21M,0.45%
29-Jan-21,"2,269.10","2,324.90","2,324.90","2,256.20",641.21M,-2.40%
1-Feb-21,"2,326.10","2,269.10","2,336.40","2,269.10",461.09M,2.51%
2-Feb-21,"2,355.90","2,326.10","2,362.90","2,326.10",391.46M,1.28%
3-Feb-21,"2,348.80","2,355.90","2,366.00","2,341.90",395.35M,-0.30%
4-Feb-21,"2,385.10","2,348.80","2,385.80","2,348.80",447.12M,1.55%
5-Feb-21,"2,379.90","2,385.10","2,391.40","2,373.00",370.44M,-0.22%
8-Feb-21,"2,404.60","2,379.90","2,404.70","2,379.90",399.18M,1.04%
9-Feb-21,"2,400.00","2,404.60","2,412.00","2,396.80",372.32M,-0.19%
10-Feb-21,"2,396.40","2,400.00","2,413.00","2,377.60",414.32M,-0.15%
11-Feb-21,"2,422.50","2,396.40","2,424.10","2,396.40",405.04M,1.09%
12-Feb-21,"2,434.50","2,422.50","2,436.10","2,410.40",338.55M,0.49%
16-Feb-21,"2,427.30","2,434.50","2,446.70","2,420.30",413.21M,-0.30%
17-Feb-21,"2,402.20","2,427.30","2,427.30","2,379.90",386.64M,-1.03%
18-Feb-21,"2,391.40","2,402.20","2,402.20","2,361.10",380.56M,-0.45%
19-Feb-21,"2,387.80","2,391.40","2,405.70","2,377.60",445.06M,-0.15%
22-Feb-21,"2,333.90","2,387.80","2,387.80","2,333.60",475.46M,-2.26%
23-Feb-21,"2,328.10","2,333.90","2,342.70","2,255.80",573.15M,-0.25%
24-Feb-21,"2,363.20","2,328.10","2,364.90","2,293.10",470.77M,1.51%
25-Feb-21,"2,279.80","2,363.20","2,363.20","2,270.60",592.80M,-3.53%
26-Feb-21,"2,293.40","2,279.80","2,328.10","2,273.20",637.74M,0.60%
1-Mar-21,"2,366.30","2,294.30","2,368.40","2,294.30",462.25M,3.18%
2-Mar-21,"2,327.70","2,366.30","2,372.30","2,326.20",409.23M,-1.63%
3-Mar-21,"2,269.80","2,327.70","2,327.70","2,268.60",497.36M,-2.49%
4-Mar-21,"2,218.60","2,269.80","2,280.00","2,193.10",690.89M,-2.26%
5-Mar-21,"2,262.30","2,218.60","2,268.20","2,188.20",656.49M,1.97%
8-Mar-21,"2,206.50","2,262.30","2,270.00","2,204.90",627.87M,-2.46%
9-Mar-21,"2,281.80","2,206.50","2,295.90","2,206.50",555.84M,3.41%
10-Mar-21,"2,272.60","2,281.80","2,306.40","2,270.90",482.76M,-0.40%
11-Mar-21,"2,320.80","2,272.60","2,335.00","2,272.60",498.72M,2.12%
12-Mar-21,"2,304.30","2,320.80","2,320.80","2,278.90",379.00M,-0.71%
15-Mar-21,"2,329.80","2,304.30","2,330.80","2,297.60",395.32M,1.11%
16-Mar-21,"2,348.20","2,329.80","2,369.60","2,329.80",451.30M,0.79%
17-Mar-21,"2,345.60","2,348.20","2,358.80","2,310.60",451.52M,-0.11%
18-Mar-21,"2,278.80","2,345.60","2,345.60","2,277.20",501.07M,-2.85%
19-Mar-21,"2,273.10","2,278.80","2,289.70","2,261.90",911.25M,-0.25%
22-Mar-21,"2,317.00","2,273.10","2,328.10","2,273.10",453.32M,1.93%
23-Mar-21,"2,302.30","2,317.00","2,333.20","2,296.20",449.63M,-0.64%
24-Mar-21,"2,274.50","2,302.30","2,316.50","2,274.20",472.79M,-1.21%
25-Mar-21,"2,272.90","2,274.50","2,283.00","2,244.10",470.04M,-0.07%
26-Mar-21,"2,330.60","2,272.90","2,333.30","2,271.80",478.82M,2.54%
29-Mar-21,"2,318.60","2,330.60","2,330.80","2,301.70",419.54M,-0.51%
30-Mar-21,"2,296.70","2,318.60","2,318.60","2,283.30",367.76M,-0.95%
31-Mar-21,"2,331.10","2,296.70","2,347.60","2,296.70",503.98M,1.50%
1-Apr-21,"2,380.00","2,331.10","2,380.70","2,331.10",437.14M,2.10%
5-Apr-21,"2,428.20","2,380.00","2,433.10","2,380.00",432.35M,2.02%
6-Apr-21,"2,419.00","2,428.20","2,433.10","2,411.80",382.24M,-0.38%
7-Apr-21,"2,432.00","2,419.00","2,436.00","2,409.30",350.77M,0.54%
8-Apr-21,"2,466.60","2,432.00","2,466.80","2,432.00",392.22M,1.42%
9-Apr-21,"2,491.00","2,466.60","2,491.40","2,453.70",379.23M,0.99%
12-Apr-21,"2,478.90","2,491.00","2,491.00","2,466.70",447.09M,-0.48%
13-Apr-21,"2,502.60","2,478.90","2,503.70","2,478.90",403.40M,0.95%
14-Apr-21,"2,473.90","2,502.60","2,502.70","2,470.60",372.85M,-1.15%
15-Apr-21,"2,518.10","2,473.90","2,519.60","2,473.90",429.02M,1.79%
16-Apr-21,"2,517.30","2,518.10","2,522.40","2,507.00",404.69M,-0.03%
19-Apr-21,"2,495.20","2,517.30","2,517.60","2,481.70",407.54M,-0.88%
20-Apr-21,"2,474.30","2,495.20","2,501.70","2,460.90",379.78M,-0.84%
21-Apr-21,"2,499.60","2,474.30","2,500.10","2,463.10",383.52M,1.02%
22-Apr-21,"2,470.10","2,499.60","2,505.40","2,459.10",443.76M,-1.18%
23-Apr-21,"2,505.70","2,470.10","2,514.70","2,470.10",434.98M,1.44%
26-Apr-21,"2,519.90","2,505.70","2,522.10","2,505.70",383.47M,0.56%
27-Apr-21,"2,512.90","2,519.90","2,526.50","2,505.30",393.05M,-0.27%
28-Apr-21,"2,488.70","2,512.90","2,512.90","2,484.40",512.20M,-0.96%
29-Apr-21,"2,488.10","2,488.70","2,513.20","2,462.90",494.45M,-0.03%
30-Apr-21,"2,452.60","2,488.10","2,488.10","2,448.20",481.08M,-1.43%
3-May-21,"2,447.30","2,452.60","2,471.90","2,441.00",410.64M,-0.22%
4-May-21,"2,401.00","2,447.30","2,447.30","2,376.40",539.13M,-1.89%
5-May-21,"2,397.10","2,401.00","2,425.70","2,393.00",362.42M,-0.16%
6-May-21,"2,421.40","2,397.10","2,422.10","2,378.80",421.60M,1.01%
7-May-21,"2,440.40","2,421.40","2,454.60","2,421.40",386.37M,0.78%
10-May-21,"2,378.50","2,440.40","2,440.40","2,378.50",471.24M,-2.53%
11-May-21,"2,372.70","2,378.50","2,378.50","2,328.20",519.63M,-0.24%
12-May-21,"2,304.80","2,372.70","2,372.70","2,298.80",511.18M,-2.86%
13-May-21,"2,336.40","2,304.80","2,356.00","2,304.80",458.10M,1.37%
14-May-21,"2,386.00","2,336.40","2,394.80","2,336.40",394.04M,2.12%
17-May-21,"2,369.30","2,386.00","2,386.00","2,347.90",380.48M,-0.70%
18-May-21,"2,350.00","2,369.30","2,380.90","2,348.90",340.93M,-0.82%
19-May-21,"2,357.70","2,350.00","2,358.80","2,310.60",465.22M,0.33%
20-May-21,"2,401.80","2,357.70","2,410.30","2,357.70",437.69M,1.87%
21-May-21,"2,389.20","2,401.80","2,416.50","2,387.20",389.02M,-0.52%
24-May-21,"2,431.20","2,389.20","2,440.00","2,389.20",335.38M,1.76%
25-May-21,"2,432.70","2,431.20","2,446.50","2,427.00",380.66M,0.06%
26-May-21,"2,432.40","2,432.70","2,442.20","2,424.50",315.65M,-0.01%
27-May-21,"2,419.60","2,432.40","2,439.80","2,419.50",541.04M,-0.53%
28-May-21,"2,426.90","2,419.60","2,442.00","2,419.60",379.08M,0.30%
1-Jun-21,"2,416.60","2,426.90","2,441.50","2,412.10",358.08M,-0.42%
2-Jun-21,"2,431.70","2,416.60","2,442.00","2,416.60",347.69M,0.62%
3-Jun-21,"2,409.40","2,431.70","2,431.70","2,395.40",367.70M,-0.91%
4-Jun-21,"2,455.60","2,409.40","2,459.00","2,409.40",339.15M,1.92%
7-Jun-21,"2,455.20","2,455.60","2,458.50","2,443.70",323.61M,-0.02%
8-Jun-21,"2,455.80","2,455.20","2,477.50","2,449.20",364.50M,0.02%
9-Jun-21,"2,457.30","2,455.80","2,471.70","2,455.80",304.52M,0.06%
10-Jun-21,"2,475.70","2,457.30","2,481.40","2,454.30",360.04M,0.75%
11-Jun-21,"2,489.50","2,475.70","2,489.60","2,475.70",296.70M,0.56%
14-Jun-21,"2,515.40","2,489.50","2,515.60","2,482.90",364.74M,1.04%
15-Jun-21,"2,499.30","2,515.40","2,515.40","2,495.50",309.05M,-0.64%
16-Jun-21,"2,486.30","2,499.30","2,509.20","2,462.00",399.72M,-0.52%
17-Jun-21,"2,515.40","2,486.30","2,525.20","2,480.40",468.92M,1.17%
18-Jun-21,"2,491.90","2,515.40","2,515.40","2,489.30",681.53M,-0.93%
21-Jun-21,"2,518.40","2,491.90","2,519.70","2,477.40",384.29M,1.07%
22-Jun-21,"2,540.90","2,518.40","2,542.60","2,514.60",347.91M,0.89%
23-Jun-21,"2,538.00","2,540.90","2,547.30","2,533.20",304.82M,-0.11%
24-Jun-21,"2,554.30","2,538.00","2,562.10","2,538.00",326.81M,0.64%
25-Jun-21,"2,550.50","2,554.30","2,558.50","2,547.60",436.21M,-0.15%
28-Jun-21,"2,578.80","2,550.50","2,581.20","2,550.50",317.17M,1.11%
29-Jun-21,"2,597.00","2,578.80","2,598.20","2,573.90",328.53M,0.70%
30-Jun-21,"2,594.50","2,597.00","2,600.10","2,586.50",391.89M,-0.10%
1-Jul-21,"2,597.10","2,594.50","2,597.60","2,581.40",376.36M,0.10%
2-Jul-21,"2,633.30","2,597.10","2,635.10","2,597.10",357.73M,1.39%
6-Jul-21,"2,642.90","2,633.30","2,654.80","2,617.10",413.75M,0.37%
7-Jul-21,"2,655.90","2,642.90","2,662.70","2,636.00",398.41M,0.49%
8-Jul-21,"2,631.40","2,655.90","2,655.90","2,603.20",397.06M,-0.92%
9-Jul-21,"2,656.40","2,631.40","2,658.10","2,625.30",358.01M,0.95%
12-Jul-21,"2,657.50","2,656.40","2,667.70","2,649.60",322.92M,0.04%
13-Jul-21,"2,669.20","2,657.50","2,688.00","2,651.80",361.63M,0.44%
14-Jul-21,"2,688.70","2,669.20","2,701.60","2,669.20",393.91M,0.73%
15-Jul-21,"2,666.10","2,688.70","2,688.70","2,652.10",411.67M,-0.84%
16-Jul-21,"2,640.20","2,666.10","2,684.10","2,637.50",388.43M,-0.97%
19-Jul-21,"2,603.40","2,640.20","2,640.20","2,588.80",483.05M,-1.39%
20-Jul-21,"2,641.80","2,603.40","2,656.70","2,601.80",419.06M,1.47%
21-Jul-21,"2,667.80","2,641.80","2,667.80","2,637.50",389.45M,0.98%
22-Jul-21,"2,686.80","2,667.80","2,689.20","2,667.80",396.06M,0.71%
23-Jul-21,"2,713.40","2,686.80","2,714.70","2,686.80",374.20M,0.99%
26-Jul-21,"2,712.80","2,713.40","2,717.10","2,696.90",318.82M,-0.02%
27-Jul-21,"2,685.50","2,712.80","2,712.80","2,652.90",469.56M,-1.01%
28-Jul-21,"2,683.00","2,685.50","2,697.00","2,658.30",519.36M,-0.10%
29-Jul-21,"2,695.80","2,683.00","2,704.90","2,681.70",476.04M,0.48%
30-Jul-21,"2,693.60","2,695.80","2,696.80","2,679.40",440.59M,-0.08%
2-Aug-21,"2,683.60","2,693.60","2,710.40","2,681.10",451.86M,-0.37%
3-Aug-21,"2,702.00","2,683.60","2,703.10","2,668.00",516.05M,0.69%
4-Aug-21,"2,707.30","2,702.00","2,713.70","2,691.20",559.24M,0.19%
5-Aug-21,"2,721.90","2,707.30","2,722.50","2,704.20",412.09M,0.54%
6-Aug-21,"2,718.60","2,721.90","2,721.90","2,710.90",413.07M,-0.12%
9-Aug-21,"2,709.20","2,718.60","2,727.00","2,707.10",348.29M,-0.35%
10-Aug-21,"2,689.50","2,709.20","2,717.30","2,682.50",425.18M,-0.73%
11-Aug-21,"2,690.20","2,689.50","2,704.10","2,676.60",382.91M,0.03%
12-Aug-21,"2,705.90","2,690.20","2,707.20","2,676.80",417.31M,0.58%
13-Aug-21,"2,720.60","2,705.90","2,720.80","2,705.20",372.40M,0.54%
16-Aug-21,"2,732.60","2,720.60","2,732.90","2,691.40",396.44M,0.44%
17-Aug-21,"2,708.80","2,732.60","2,732.60","2,693.30",409.68M,-0.87%
18-Aug-21,"2,671.10","2,708.80","2,714.60","2,668.40",409.28M,-1.39%
19-Aug-21,"2,697.50","2,671.10","2,707.40","2,654.10",517.94M,0.99%
20-Aug-21,"2,732.60","2,697.50","2,734.50","2,697.50",438.13M,1.30%
23-Aug-21,"2,767.40","2,732.60","2,771.50","2,732.60",440.98M,1.27%
24-Aug-21,"2,763.90","2,767.40","2,774.00","2,762.10",358.13M,-0.13%
25-Aug-21,"2,762.40","2,763.90","2,778.10","2,758.30",439.45M,-0.05%
26-Aug-21,"2,745.20","2,762.40","2,764.40","2,743.30",363.10M,-0.62%
27-Aug-21,"2,771.70","2,745.20","2,773.80","2,743.50",371.35M,0.97%
30-Aug-21,"2,801.90","2,771.70","2,804.70","2,771.70",363.95M,1.09%
31-Aug-21,"2,786.10","2,801.90","2,803.60","2,782.20",431.19M,-0.56%
1-Sep-21,"2,786.80","2,786.10","2,808.30","2,785.30",368.63M,0.03%
2-Sep-21,"2,785.40","2,786.80","2,801.30","2,773.40",348.57M,-0.05%
3-Sep-21,"2,796.10","2,785.40","2,803.00","2,782.80",317.75M,0.38%
7-Sep-21,"2,796.90","2,796.10","2,802.40","2,783.10",341.25M,0.03%
8-Sep-21,"2,785.50","2,796.90","2,796.90","2,765.90",381.11M,-0.41%
9-Sep-21,"2,773.70","2,785.50","2,796.70","2,772.60",322.68M,-0.42%
10-Sep-21,"2,746.40","2,773.70","2,797.20","2,744.60",418.94M,-0.99%
13-Sep-21,"2,747.40","2,746.40","2,775.10","2,730.30",407.03M,0.03%
14-Sep-21,"2,743.60","2,747.40","2,765.10","2,737.50",404.38M,-0.14%
15-Sep-21,"2,767.90","2,743.60","2,770.80","2,738.90",408.57M,0.89%
16-Sep-21,"2,769.70","2,767.90","2,772.90","2,742.00",339.48M,0.06%
17-Sep-21,"2,727.70","2,769.70","2,769.70","2,723.30",680.60M,-1.52%
20-Sep-21,"2,676.90","2,727.70","2,727.70","2,641.60",513.23M,-1.86%
21-Sep-21,"2,677.80","2,676.90","2,699.70","2,667.90",354.39M,0.03%
22-Sep-21,"2,715.20","2,677.80","2,724.90","2,677.80",356.59M,1.40%
23-Sep-21,"2,751.80","2,715.20","2,757.60","2,715.20",341.71M,1.35%
24-Sep-21,"2,753.60","2,751.80","2,757.70","2,733.80",279.95M,0.07%
27-Sep-21,"2,725.90","2,753.60","2,753.60","2,709.80",364.71M,-1.01%
28-Sep-21,"2,644.50","2,725.90","2,725.90","2,643.40",515.20M,-2.98%
29-Sep-21,"2,641.80","2,644.50","2,669.70","2,637.80",404.39M,-0.10%
30-Sep-21,"2,623.80","2,641.80","2,668.80","2,623.80",438.05M,-0.68%
1-Oct-21,"2,661.50","2,623.80","2,668.30","2,606.70",398.11M,1.44%
4-Oct-21,"2,598.60","2,661.50","2,661.50","2,580.30",455.02M,-2.36%
5-Oct-21,"2,636.50","2,598.60","2,652.50","2,598.60",362.76M,1.46%
6-Oct-21,"2,654.60","2,636.50","2,656.80","2,599.10",394.32M,0.69%
7-Oct-21,"2,678.90","2,654.60","2,699.70","2,654.60",335.58M,0.91%
8-Oct-21,"2,668.50","2,678.90","2,691.20","2,664.70",283.95M,-0.39%
11-Oct-21,"2,654.40","2,668.50","2,689.70","2,653.40",291.25M,-0.53%
12-Oct-21,"2,640.90","2,654.40","2,667.50","2,636.30",382.97M,-0.51%
13-Oct-21,"2,655.80","2,640.90","2,661.70","2,634.90",385.28M,0.57%
14-Oct-21,"2,716.40","2,655.80","2,717.60","2,655.80",377.25M,2.28%
15-Oct-21,"2,737.90","2,716.40","2,738.50","2,716.40",354.57M,0.79%
18-Oct-21,"2,761.20","2,737.90","2,762.80","2,715.90",353.27M,0.85%
19-Oct-21,"2,788.00","2,761.20","2,788.90","2,761.20",332.25M,0.97%
20-Oct-21,"2,780.00","2,788.00","2,794.80","2,769.10",333.22M,-0.29%
21-Oct-21,"2,791.30","2,780.00","2,793.30","2,767.20",391.53M,0.41%
22-Oct-21,"2,782.00","2,791.30","2,802.30","2,770.90",447.06M,-0.33%
25-Oct-21,"2,791.30","2,782.00","2,801.30","2,780.90",361.24M,0.33%
26-Oct-21,"2,800.30","2,791.30","2,822.00","2,791.30",475.96M,0.32%
27-Oct-21,"2,795.00","2,800.30","2,818.10","2,794.70",558.14M,-0.19%
28-Oct-21,"2,824.60","2,795.00","2,826.90","2,795.00",475.91M,1.06%
29-Oct-21,"2,836.90","2,824.60","2,838.20","2,794.60",496.89M,0.43%
1-Nov-21,"2,834.70","2,836.90","2,838.10","2,818.60",411.56M,-0.08%
2-Nov-21,"2,857.80","2,834.70","2,864.40","2,834.70",435.28M,0.82%
3-Nov-21,"2,874.90","2,857.80","2,879.80","2,845.90",394.98M,0.60%
4-Nov-21,"2,919.10","2,873.60","2,925.90","2,873.60",632.91M,1.54%
5-Nov-21,"2,931.70","2,919.10","2,949.10","2,914.90",525.08M,0.43%
8-Nov-21,"2,948.60","2,931.70","2,953.50","2,931.70",522.28M,0.58%
9-Nov-21,"2,935.90","2,948.60","2,956.10","2,921.50",510.33M,-0.43%
10-Nov-21,"2,886.70","2,935.90","2,935.90","2,879.10",488.65M,-1.68%
11-Nov-21,"2,901.90","2,886.70","2,909.70","2,886.70",364.84M,0.53%
12-Nov-21,"2,936.40","2,901.90","2,941.00","2,901.90",430.60M,1.19%
15-Nov-21,"2,933.00","2,936.40","2,952.30","2,917.10",395.08M,-0.11%
16-Nov-21,"2,964.50","2,933.00","2,968.50","2,928.20",408.90M,1.07%
17-Nov-21,"2,952.80","2,964.50","2,972.70","2,945.20",496.27M,-0.39%
18-Nov-21,"2,983.00","2,952.80","2,987.60","2,950.10",621.83M,1.02%
19-Nov-21,"3,005.80","2,983.00","3,016.50","2,983.00",558.66M,0.77%
22-Nov-21,"2,971.40","3,005.80","3,056.90","2,970.60",635.66M,-1.14%
23-Nov-21,"2,965.30","2,971.40","2,974.10","2,927.60",564.50M,-0.21%
24-Nov-21,"2,986.30","2,965.30","2,986.90","2,933.10",476.55M,0.71%
25-Nov-21,"2,986.30","2,965.30","2,986.90","2,933.10",-,0.00%
26-Nov-21,"2,908.60","2,986.30","2,986.30","2,900.20",368.07M,-2.60%
29-Nov-21,"2,985.40","2,908.60","2,992.30","2,908.60",519.99M,2.64%
30-Nov-21,"2,956.90","2,985.40","3,000.00","2,934.90",841.51M,-0.96%
1-Dec-21,"2,919.70","2,956.90","3,013.30","2,917.70",688.84M,-1.26%
2-Dec-21,"2,944.30","2,919.70","2,959.10","2,886.10",599.76M,0.84%
3-Dec-21,"2,895.70","2,944.30","2,963.10","2,861.00",602.71M,-1.65%
6-Dec-21,"2,923.90","2,895.70","2,932.70","2,876.10",555.71M,0.97%
7-Dec-21,"3,026.40","2,923.90","3,029.70","2,923.90",620.70M,3.51%
8-Dec-21,"3,039.90","3,026.40","3,041.80","3,007.50",476.49M,0.45%
9-Dec-21,"3,006.60","3,039.90","3,052.00","3,004.20",463.09M,-1.09%
10-Dec-21,"3,068.90","3,006.60","3,071.00","3,006.60",499.82M,2.07%
13-Dec-21,"3,019.10","3,068.90","3,079.50","3,017.40",549.32M,-1.62%
14-Dec-21,"2,969.60","3,019.10","3,019.10","2,936.20",568.64M,-1.64%
15-Dec-21,"3,051.30","2,969.60","3,054.20","2,947.80",590.48M,2.75%
16-Dec-21,"2,963.90","3,051.30","3,065.70","2,947.30",635.71M,-2.86%
17-Dec-21,"2,944.90","2,963.90","2,972.60","2,916.50",972.23M,-0.64%
20-Dec-21,"2,908.70","2,944.90","2,944.90","2,888.70",477.20M,-1.23%
21-Dec-21,"2,984.40","2,908.70","2,987.10","2,908.70",514.14M,2.60%
22-Dec-21,"3,024.10","2,984.40","3,025.60","2,972.60",395.34M,1.33%
23-Dec-21,"3,041.10","3,024.10","3,052.50","3,024.10",368.32M,0.56%
27-Dec-21,"3,107.50","3,041.10","3,107.60","3,041.10",361.66M,2.18%
28-Dec-21,"3,089.10","3,107.50","3,113.20","3,082.40",349.21M,-0.59%
29-Dec-21,"3,091.40","3,089.10","3,103.60","3,075.40",329.01M,0.07%
30-Dec-21,"3,070.40","3,091.40","3,104.20","3,067.60",296.19M,-0.68%
31-Dec-21,"3,055.40","3,070.40","3,075.80","3,054.90",294.59M,-0.49%
